"PaymentID";"CustomerId";"ProductId";"TransactionDate";"CreditCard";"CreditCardNumber"
"3423609";"991";"10016";"2013-01-30T04:16:24";"visaelectron";"4508 7346 2588 9517"
"3423610";"775";"10041";"2013-01-02T09:09:38";"instapayment";"6386 7466 0513 5812"
"3423611";"234";"10310";"2013-01-07T12:21:58";"visa";"4065 0734 3303 7224"
"3423612";"371";"10114";"2013-01-30T07:45:45";"amex";"3797 2886 9038 850"
"3423613";"621";"10248";"2013-01-04T12:52:21";"mastercard";"5582 0698 7744 9116"
"3423614";"730";"10279";"2013-01-24T08:08:53";"amex";"3750 5967 8390 579"
"3423615";"491";"10123";"2013-01-16T12:17:21";"visa";"4119 3823 5830 5839"
"3423616";"147";"10220";"2013-01-29T06:55:48";"visa";"4104 5004 0613 0704"
"3423617";"589";"10208";"2013-01-03T01:05:04";"visa";"4327 9730 5076 2398"
"3423618";"967";"10031";"2013-01-08T12:00:38";"maestro";"6762 0929 7745 1311"
"3423619";"140";"10328";"2013-01-27T05:19:23";"visaelectron";"4508 7757 6391 1415"
"3423620";"907";"10336";"2013-01-01T01:53:24";"instapayment";"6390 0420 4417 0287"
"3423621";"270";"10107";"2013-01-03T09:08:16";"visaelectron";"4508 3402 6778 1218"
"3423622";"190";"10001";"2013-01-27T10:27:22";"visaelectron";"4508 6447 4455 0751"
"3423623";"821";"10006";"2013-01-24T09:13:16";"instapayment";"6399 3624 0807 9994"
"3423624";"575";"10008";"2013-01-12T02:34:29";"amex";"3415 1828 8497 158"
"3423625";"229";"10119";"2013-01-08T09:28:51";"amex";"3730 3302 5031 840"
"3423626";"932";"10028";"2013-01-03T06:21:25";"mastercard";"5579 1178 8636 3045"
"3423627";"59";"10166";"2013-01-23T03:46:47";"visa";"4745 9376 0691 4005"
"3423628";"365";"10164";"2013-01-09T06:45:54";"mastercard";"5451 3540 4330 6988"
"3423629";"777";"10188";"2013-01-27T11:25:25";"instapayment";"6390 8716 5826 9492"
"3423630";"838";"10335";"2013-01-06T07:29:54";"visaelectron";"4913 9804 6944 5036"
"3423631";"504";"10147";"2013-01-12T02:09:51";"maestro";"5018 3638 7468 3312"
"3423632";"898";"10202";"2013-01-18T06:05:56";"maestro";"6761 5113 4098 7827"
"3423633";"811";"10003";"2013-01-25T10:06:58";"visaelectron";"4844 9776 6008 3107"
"3423634";"330";"10018";"2013-01-06T01:57:42";"visa";"4319 7573 1351 4849"
"3423635";"151";"10121";"2013-01-06T04:03:57";"maestro";"5020 3518 3542 8196"
"3423636";"550";"10160";"2013-01-18T12:58:50";"mastercard";"5535 7560 4372 2420"
"3423637";"75";"10242";"2013-01-12T08:50:13";"amex";"3433 0651 8105 843"
"3423638";"131";"10137";"2013-01-22T11:02:31";"instapayment";"6373 5309 8564 4766"
"3423639";"257";"10152";"2013-01-16T02:12:16";"instapayment";"6377 4878 3591 4046"
"3423640";"68";"10096";"2013-01-27T08:41:19";"mastercard";"5587 6954 3992 3332"
"3423641";"251";"10326";"2013-01-16T03:31:04";"visaelectron";"4844 9159 9708 0347"
"3423642";"338";"10262";"2013-01-05T06:22:54";"amex";"3783 1236 9207 900"
"3423643";"13";"10041";"2013-01-28T05:20:33";"mastercard";"5418 6865 2180 1572"
"3423644";"838";"10164";"2013-01-01T05:46:53";"visa";"4443 4216 4464 5967"
"3423645";"523";"10290";"2013-01-16T10:55:20";"visa";"4473 1306 5709 3618"
"3423646";"13";"10233";"2013-01-15T06:25:26";"amex";"3722 2512 8673 285"
"3423647";"213";"10055";"2013-01-20T11:10:59";"visaelectron";"4026 0309 5923 3197"
"3423648";"354";"10348";"2013-01-01T06:00:51";"instapayment";"6375 1520 0942 4782"
"3423649";"497";"10078";"2013-01-19T12:41:45";"amex";"3752 0110 0079 673"
"3423650";"485";"10017";"2013-01-12T10:12:34";"instapayment";"6399 1638 7030 8386"
"3423651";"466";"10296";"2013-01-10T03:13:33";"maestro";"6304 4893 9240 7933"
"3423652";"720";"10000";"2013-01-16T04:43:44";"instapayment";"6393 0164 4920 5713"
"3423653";"629";"10182";"2013-01-22T01:46:03";"maestro";"6763 6097 0151 3832"
"3423654";"837";"10114";"2013-01-04T03:57:14";"visaelectron";"4175 0003 9667 5127"
"3423655";"698";"10015";"2013-01-03T11:02:41";"instapayment";"6392 2665 3043 3655"
"3423656";"294";"10196";"2013-01-28T10:32:33";"amex";"3401 0661 3922 909"
"3423657";"560";"10265";"2013-01-08T08:05:08";"visaelectron";"4026 3094 3759 1123"
"3423658";"275";"10147";"2013-01-07T02:57:24";"amex";"3708 2224 9903 070"
"3423659";"969";"10079";"2013-01-29T12:11:31";"mastercard";"5576 8599 4095 8376"
"3423660";"768";"10086";"2013-01-01T08:29:28";"visaelectron";"4175 0047 3281 6387"
"3423661";"991";"10220";"2013-01-08T11:32:19";"instapayment";"6395 5475 8359 0773"
"3423662";"329";"10011";"2013-01-23T07:53:33";"amex";"3793 5394 3802 542"
"3423663";"889";"10245";"2013-01-28T11:27:14";"maestro";"5038 4333 9801 8398"
"3423664";"307";"10273";"2013-01-04T04:26:40";"mastercard";"5232 7877 1421 2975"
"3423665";"9";"10126";"2013-01-30T10:40:49";"mastercard";"5226 2076 7678 1154"
"3423666";"119";"10328";"2013-01-25T02:56:58";"visa";"4411 9110 2169 4230"
"3423667";"131";"10231";"2013-01-10T10:27:31";"instapayment";"6379 1552 9783 8494"
"3423668";"536";"10002";"2013-01-19T11:21:54";"visa";"4059 6738 6527 9281"
"3423669";"984";"10211";"2013-01-02T09:03:05";"maestro";"5020 2813 6787 8031"
"3423670";"105";"10110";"2013-01-12T08:15:33";"visaelectron";"4844 5278 9957 2345"
"3423671";"822";"10288";"2013-01-10T10:30:40";"mastercard";"5170 9610 6641 3663"
"3423672";"496";"10314";"2013-01-24T08:02:59";"visaelectron";"4175 0047 4317 0857"
"3423673";"469";"10288";"2013-01-29T09:33:26";"maestro";"6763 6064 1077 1172"
"3423674";"66";"10130";"2013-01-30T07:27:47";"instapayment";"6375 2533 9902 4511"
"3423675";"840";"10242";"2013-01-19T11:26:47";"visa";"4222 6534 8041 8946"
"3423676";"876";"10125";"2013-01-16T08:48:34";"mastercard";"5589 2639 2523 0544"
"3423677";"692";"10274";"2013-01-20T04:21:45";"maestro";"6759 9114 0385 1205"
"3423678";"239";"10230";"2013-01-05T10:13:26";"mastercard";"5392 6191 8533 4671"
"3423679";"265";"10276";"2013-01-23T08:49:25";"amex";"3767 5080 4206 395"
"3423680";"115";"10015";"2013-01-19T05:03:09";"maestro";"5020 0609 3398 4659"
"3423681";"604";"10048";"2013-01-25T09:10:47";"mastercard";"5552 8722 8307 6399"
"3423682";"833";"10322";"2013-01-13T01:46:14";"maestro";"5893 7147 9293 5590"
"3423683";"517";"10123";"2013-01-04T04:10:30";"mastercard";"5370 1662 0356 2624"
"3423684";"192";"10168";"2013-01-11T02:16:47";"maestro";"6761 0290 5455 7884"
"3423685";"562";"10080";"2013-01-14T02:40:30";"amex";"3700 1150 3204 504"
"3423686";"386";"10143";"2013-01-29T07:06:11";"mastercard";"5175 1161 9138 6491"
"3423687";"960";"10129";"2013-01-11T01:48:27";"instapayment";"6395 4010 3828 6001"
"3423688";"215";"10042";"2013-01-19T01:08:48";"visa";"4139 0157 9760 5320"
"3423689";"86";"10194";"2013-01-26T08:41:27";"mastercard";"5546 8056 6180 9758"
"3423690";"642";"10324";"2013-01-24T01:25:14";"visaelectron";"4508 1342 3818 2279"
"3423691";"965";"10317";"2013-01-09T08:42:59";"visaelectron";"4917 6622 1056 3236"
"3423692";"105";"10079";"2013-01-18T10:59:45";"visa";"4584 6571 8523 8998"
"3423693";"314";"10206";"2013-01-20T04:20:55";"visa";"4217 9920 7865 0388"
"3423694";"949";"10012";"2013-01-23T12:46:16";"maestro";"6763 0010 4561 4155"
"3423695";"728";"10041";"2013-01-09T04:00:47";"instapayment";"6384 9252 4764 8976"
"3423696";"976";"10226";"2013-01-23T05:58:52";"visa";"4950 7910 4361 3948"
"3423697";"53";"10300";"2013-01-04T09:01:26";"visaelectron";"4844 6037 2099 9682"
"3423698";"344";"10093";"2013-01-26T08:28:25";"maestro";"5018 8128 3448 1761"
"3423699";"346";"10162";"2013-01-11T12:14:09";"amex";"3490 6234 5541 619"
"3423700";"57";"10309";"2013-01-11T09:39:08";"maestro";"6304 7527 5985 1476"
"3423701";"577";"10159";"2013-01-07T11:58:04";"instapayment";"6371 2120 3756 9687"
"3423702";"803";"10071";"2013-01-25T12:28:12";"amex";"3434 9345 8947 135"
"3423703";"928";"10308";"2013-01-05T04:56:57";"visaelectron";"4508 7129 8742 8744"
"3423704";"198";"10018";"2013-01-17T03:47:31";"visa";"4055 2998 4002 7456"
"3423705";"557";"10154";"2013-01-24T04:52:00";"visaelectron";"4913 3788 9297 1605"
"3423706";"362";"10272";"2013-01-04T06:59:21";"instapayment";"6372 6168 7715 9764"
"3423707";"762";"10012";"2013-01-18T06:33:02";"amex";"3756 6585 5235 427"
"3423708";"337";"10218";"2013-01-24T07:21:25";"amex";"3462 1183 8406 268"
"3423709";"772";"10266";"2013-01-08T01:58:33";"mastercard";"5464 7896 7572 1472"
"3423710";"60";"10065";"2013-01-08T02:19:16";"instapayment";"6380 1953 5709 5871"
"3423711";"792";"10330";"2013-01-23T07:43:37";"maestro";"5020 0338 9648 2045"
"3423712";"477";"10340";"2013-01-24T07:53:47";"maestro";"5893 0603 9691 1029"
"3423713";"500";"10228";"2013-01-07T11:56:02";"amex";"3787 6898 3719 473"
"3423714";"917";"10088";"2013-01-17T02:01:30";"amex";"3483 0670 3014 839"
"3423715";"955";"10150";"2013-01-27T12:16:29";"instapayment";"6371 3642 6254 5765"
"3423716";"26";"10077";"2013-01-09T01:01:40";"mastercard";"5324 3044 2247 7814"
"3423717";"724";"10240";"2013-01-02T08:04:28";"visaelectron";"4844 1454 1459 1474"
"3423718";"398";"10040";"2013-01-22T10:43:03";"mastercard";"5211 2664 2618 8323"
"3423719";"112";"10125";"2013-01-03T02:15:55";"instapayment";"6398 9971 9517 8656"
"3423720";"560";"10321";"2013-01-18T02:29:50";"visa";"4694 1596 8815 2955"
"3423721";"556";"10311";"2013-01-13T01:31:03";"visa";"4996 2657 5789 5138"
"3423722";"73";"10201";"2013-01-03T03:05:20";"visaelectron";"4026 9353 2701 1671"
"3423723";"619";"10199";"2013-01-29T08:11:51";"mastercard";"5478 9457 9103 3341"
"3423724";"376";"10138";"2013-01-12T02:26:37";"maestro";"6759 8401 7325 4003"
"3423725";"518";"10207";"2013-01-04T03:24:32";"instapayment";"6374 6042 4021 6022"
"3423726";"433";"10191";"2013-01-24T12:58:04";"maestro";"5893 7718 8332 4886"
"3423727";"797";"10310";"2013-01-15T02:39:10";"instapayment";"6391 1726 1887 4995"
"3423728";"369";"10347";"2013-01-13T09:17:32";"visa";"4172 3653 9179 8999"
"3423729";"581";"10345";"2013-01-05T08:22:20";"visaelectron";"4913 1696 5942 6986"
"3423730";"64";"10126";"2013-01-21T08:48:37";"mastercard";"5488 1764 1874 9345"
"3423731";"820";"10252";"2013-01-15T10:02:39";"maestro";"5020 8119 7205 5730"
"3423732";"114";"10150";"2013-01-10T10:28:10";"maestro";"5038 1351 0889 3438"
"3423733";"95";"10165";"2013-01-14T07:20:00";"maestro";"6761 7316 6383 8668"
"3423734";"639";"10309";"2013-01-22T06:43:22";"instapayment";"6384 1672 3025 8097"
"3423735";"795";"10030";"2013-01-17T09:54:04";"visa";"4782 8966 0536 6985"
"3423736";"200";"10001";"2013-01-29T10:07:08";"visaelectron";"4917 8950 7292 4084"
"3423737";"18";"10123";"2013-01-06T11:10:32";"visaelectron";"4508 3583 2759 9735"
"3423738";"436";"10261";"2013-01-04T03:03:29";"amex";"3772 9221 7553 989"
"3423739";"43";"10025";"2013-01-15T05:01:07";"mastercard";"5187 6210 7004 8910"
"3423740";"165";"10157";"2013-01-17T09:09:14";"amex";"3488 5359 6977 762"
"3423741";"81";"10142";"2013-01-02T01:02:22";"amex";"3793 9842 7830 972"
"3423742";"330";"10035";"2013-01-27T10:06:57";"instapayment";"6395 4930 1944 0186"
"3423743";"869";"10021";"2013-01-30T05:39:05";"amex";"3455 6933 6748 171"
"3423744";"607";"10195";"2013-01-27T11:45:09";"visaelectron";"4844 1458 9861 3091"
"3423745";"781";"10138";"2013-01-30T10:18:46";"visa";"4723 2086 6051 0220"
"3423746";"483";"10252";"2013-01-19T05:00:39";"mastercard";"5187 6883 9077 6090"
"3423747";"329";"10090";"2013-01-25T05:53:26";"maestro";"6761 6212 3098 8759"
"3423748";"310";"10333";"2013-01-10T11:03:54";"visaelectron";"4026 0316 8495 1608"
"3423749";"359";"10200";"2013-01-23T07:42:46";"mastercard";"5131 1127 0278 3436"
"3423750";"176";"10118";"2013-01-09T11:15:04";"instapayment";"6389 9031 1849 1417"
"3423751";"748";"10118";"2013-01-29T06:46:10";"maestro";"5038 9858 6390 4980"
"3423752";"453";"10212";"2013-01-21T03:44:41";"visaelectron";"4913 0253 5152 3944"
"3423753";"136";"10247";"2013-01-15T04:16:57";"amex";"3739 3648 2925 660"
"3423754";"487";"10197";"2013-01-09T05:02:28";"visaelectron";"4844 7907 1920 3364"
"3423755";"53";"10081";"2013-01-28T05:20:15";"mastercard";"5460 9920 3785 9378"
"3423756";"261";"10347";"2013-01-14T03:04:35";"mastercard";"5113 0929 0969 9050"
"3423757";"876";"10081";"2013-01-12T06:47:19";"instapayment";"6372 4063 4679 2068"
"3423758";"789";"10274";"2013-01-30T04:53:58";"mastercard";"5565 0742 7431 5804"
"3423759";"132";"10138";"2013-01-26T07:01:05";"visa";"4246 9260 2882 9861"
"3423760";"640";"10330";"2013-01-15T12:08:41";"maestro";"5020 4276 9954 4821"
"3423761";"58";"10175";"2013-01-27T04:49:22";"visaelectron";"4175 0039 8359 3646"
"3423762";"255";"10292";"2013-01-23T11:10:39";"amex";"3721 1613 2214 416"
"3423763";"793";"10022";"2013-01-06T08:35:49";"amex";"3717 6496 4455 952"
"3423764";"670";"10216";"2013-01-24T11:16:09";"maestro";"5893 5625 8445 1536"
"3423765";"192";"10094";"2013-01-26T04:27:54";"visaelectron";"4175 0016 9159 7297"
"3423766";"843";"10145";"2013-01-03T04:51:24";"maestro";"5018 5935 0872 0219"
"3423767";"61";"10119";"2013-01-02T12:36:17";"maestro";"5020 7448 3026 5987"
"3423768";"12";"10059";"2013-01-06T03:34:39";"maestro";"5018 5049 4119 1363"
"3423769";"594";"10303";"2013-01-09T08:31:17";"maestro";"6759 6712 0426 6546"
"3423770";"459";"10167";"2013-01-27T08:54:04";"visaelectron";"4844 1795 7830 7476"
"3423771";"827";"10044";"2013-01-22T02:39:43";"instapayment";"6376 5698 9432 5668"
"3423772";"559";"10347";"2013-01-21T08:14:44";"maestro";"5893 6349 6652 3487"
"3423773";"258";"10257";"2013-01-24T05:49:15";"mastercard";"5133 2764 7821 5481"
"3423774";"256";"10030";"2013-01-08T12:24:57";"instapayment";"6370 1579 6070 8367"
"3423775";"158";"10078";"2013-01-17T07:24:31";"mastercard";"5544 6855 2123 2371"
"3423776";"940";"10218";"2013-01-10T10:48:59";"visa";"4728 7516 6397 4823"
"3423777";"699";"10082";"2013-01-19T09:40:44";"maestro";"6304 8038 5197 0506"
"3423778";"280";"10174";"2013-01-02T02:21:33";"amex";"3706 2277 2478 528"
"3423779";"731";"10055";"2013-01-14T08:25:09";"maestro";"6304 5382 5836 9338"
"3423780";"673";"10255";"2013-01-21T05:18:55";"amex";"3786 4320 1675 361"
"3423781";"948";"10320";"2013-01-04T08:01:14";"maestro";"6759 4324 2888 6282"
"3423782";"915";"10144";"2013-01-14T07:23:51";"visaelectron";"4508 2254 0781 7057"
"3423783";"220";"10175";"2013-01-25T02:40:32";"visaelectron";"4844 4590 7311 6923"
"3423784";"79";"10254";"2013-01-20T12:18:40";"maestro";"6761 3593 4276 5365"
"3423785";"64";"10231";"2013-01-09T01:20:44";"visaelectron";"4508 2008 5371 3191"
"3423786";"844";"10243";"2013-01-20T07:42:11";"mastercard";"5161 0222 1468 2419"
"3423787";"599";"10265";"2013-01-05T09:23:18";"maestro";"5020 7098 8266 3611"
"3423788";"268";"10326";"2013-01-18T11:02:24";"visa";"4515 5456 9576 5762"
"3423789";"815";"10143";"2013-01-16T07:17:45";"visa";"4367 5841 0023 4725"
"3423790";"462";"10348";"2013-01-02T08:57:03";"visaelectron";"4844 1915 8481 9428"
"3423791";"683";"10047";"2013-01-25T03:07:41";"maestro";"6763 2294 8496 9257"
"3423792";"795";"10119";"2013-01-30T09:38:51";"mastercard";"5522 5373 9988 8873"
"3423793";"438";"10121";"2013-01-14T03:44:03";"visaelectron";"4913 3948 7412 8916"
"3423794";"972";"10007";"2013-01-30T10:34:50";"maestro";"5018 3636 1262 3265"
"3423795";"377";"10252";"2013-01-14T04:59:08";"mastercard";"5518 4603 2564 1736"
"3423796";"811";"10152";"2013-01-18T04:42:31";"visaelectron";"4917 3943 8475 0171"
"3423797";"593";"10263";"2013-01-04T01:31:23";"maestro";"6304 6311 4535 7325"
"3423798";"615";"10176";"2013-01-18T08:37:45";"amex";"3465 2158 7591 312"
"3423799";"446";"10300";"2013-01-03T12:02:41";"instapayment";"6392 0609 4824 2422"
"3423800";"782";"10192";"2013-01-15T07:25:06";"visa";"4021 2993 0874 3033"
"3423801";"934";"10333";"2013-01-21T04:02:36";"amex";"3738 2729 8566 741"
"3423802";"717";"10347";"2013-01-04T05:55:43";"maestro";"5893 4314 0769 7982"
"3423803";"799";"10289";"2013-01-17T02:41:16";"amex";"3412 7595 1935 341"
"3423804";"127";"10271";"2013-01-01T06:07:28";"instapayment";"6375 8625 7026 5634"
"3423805";"930";"10005";"2013-01-11T06:09:19";"maestro";"5038 3919 2133 2506"
"3423806";"556";"10024";"2013-01-28T06:02:13";"maestro";"6763 3665 7903 4009"
"3423807";"561";"10018";"2013-01-25T06:09:27";"maestro";"5893 0318 1021 8119"
"3423808";"341";"10138";"2013-01-07T11:15:59";"mastercard";"5413 5374 1768 0320"
"3423809";"821";"10055";"2013-01-19T02:59:24";"visa";"4931 3336 9485 0737"
"3423810";"209";"10237";"2013-01-18T12:53:51";"visaelectron";"4844 8857 4093 1890"
"3423811";"456";"10167";"2013-01-22T07:28:03";"mastercard";"5487 4244 1262 0372"
"3423812";"444";"10114";"2013-01-03T02:39:09";"mastercard";"5524 7815 0058 8026"
"3423813";"873";"10342";"2013-01-05T06:04:01";"visa";"4411 2542 0442 1760"
"3423814";"862";"10178";"2013-01-13T04:09:11";"amex";"3481 0323 5227 470"
"3423815";"279";"10283";"2013-01-15T12:11:08";"instapayment";"6371 5240 1402 6238"
"3423816";"837";"10030";"2013-01-05T02:06:11";"visaelectron";"4844 8097 5261 5498"
"3423817";"310";"10004";"2013-01-29T09:32:08";"maestro";"5020 9714 0946 9258"
"3423818";"298";"10279";"2013-01-07T12:32:14";"visaelectron";"4917 2157 4123 5384"
"3423819";"455";"10267";"2013-01-20T04:06:36";"visa";"4412 7911 2042 1746"
"3423820";"889";"10071";"2013-01-25T12:28:11";"visa";"4817 1875 6286 2797"
"3423821";"575";"10089";"2013-01-27T02:38:46";"amex";"3726 8281 1970 453"
"3423822";"485";"10310";"2013-01-05T04:28:53";"amex";"3460 1124 6357 479"
"3423823";"972";"10205";"2013-01-15T10:51:56";"visa";"4095 6711 8293 5649"
"3423824";"846";"10058";"2013-01-25T11:01:11";"visa";"4277 0556 6043 3097"
"3423825";"819";"10190";"2013-01-22T03:27:56";"visaelectron";"4026 1054 9752 5542"
"3423826";"508";"10134";"2013-01-08T08:43:55";"visaelectron";"4844 3967 0690 6983"
"3423827";"209";"10134";"2013-01-12T09:05:06";"maestro";"6762 1675 5580 2448"
"3423828";"895";"10105";"2013-01-22T09:05:57";"maestro";"6304 6146 6413 1115"
"3423829";"749";"10010";"2013-01-18T10:22:53";"maestro";"6762 8933 3856 2757"
"3423830";"285";"10315";"2013-01-11T05:41:35";"instapayment";"6393 8475 1585 8195"
"3423831";"406";"10024";"2013-01-14T04:07:37";"maestro";"6762 2410 1226 8616"
"3423832";"455";"10041";"2013-01-17T06:28:06";"amex";"3440 6889 4988 916"
"3423833";"242";"10048";"2013-01-14T03:06:15";"mastercard";"5509 8782 9062 2798"
"3423834";"772";"10183";"2013-01-06T05:09:34";"maestro";"6761 7727 9738 6935"
"3423835";"832";"10002";"2013-01-24T10:17:30";"mastercard";"5360 6072 1460 4154"
"3423836";"38";"10035";"2013-01-24T10:38:33";"amex";"3720 8857 4831 595"
"3423837";"364";"10248";"2013-01-07T09:38:25";"instapayment";"6378 8030 9579 3392"
"3423838";"619";"10219";"2013-01-16T06:04:03";"instapayment";"6399 7578 8616 9615"
"3423839";"882";"10216";"2013-01-24T04:57:06";"instapayment";"6389 6268 0116 1548"
"3423840";"255";"10330";"2013-01-07T11:50:50";"visaelectron";"4913 6426 7589 9006"
"3423841";"689";"10068";"2013-01-16T12:44:56";"instapayment";"6374 2508 8263 6034"
"3423842";"486";"10238";"2013-01-26T09:09:10";"amex";"3789 3645 1477 250"
"3423843";"653";"10174";"2013-01-01T01:16:41";"visa";"4083 8497 3002 3654"
"3423844";"801";"10230";"2013-01-20T04:11:37";"maestro";"6761 4349 5998 2866"
"3423845";"68";"10062";"2013-01-03T01:30:03";"visaelectron";"4913 1186 5174 5406"
"3423846";"470";"10020";"2013-01-19T08:44:52";"amex";"3457 1107 0429 085"
"3423847";"746";"10314";"2013-01-23T08:36:44";"mastercard";"5246 7615 9956 3475"
"3423848";"504";"10064";"2013-01-07T07:09:47";"maestro";"5893 7281 4939 7072"
"3423849";"226";"10188";"2013-01-01T04:28:32";"maestro";"6304 5414 1395 7542"
"3423850";"355";"10043";"2013-01-04T02:06:04";"amex";"3752 8615 8478 273"
"3423851";"335";"10188";"2013-01-29T11:50:22";"visa";"4474 0194 8232 7896"
"3423852";"763";"10099";"2013-01-27T09:58:27";"mastercard";"5301 5440 3814 3741"
"3423853";"859";"10008";"2013-01-10T04:03:34";"amex";"3708 3030 6984 867"
"3423854";"637";"10002";"2013-01-22T11:16:46";"maestro";"5018 1248 3539 1985"
"3423855";"749";"10048";"2013-01-14T01:38:26";"visaelectron";"4844 8046 8262 2649"
"3423856";"965";"10325";"2013-01-25T02:02:44";"maestro";"6761 0044 2647 9356"
"3423857";"97";"10037";"2013-01-08T02:38:33";"visaelectron";"4917 2594 8310 9712"
"3423858";"540";"10317";"2013-01-14T08:34:27";"visa";"4117 0337 5393 8607"
"3423859";"113";"10053";"2013-01-12T01:02:21";"maestro";"6759 2516 5401 6285"
"3423860";"711";"10163";"2013-01-30T10:27:48";"mastercard";"5175 9350 0007 6120"
"3423861";"492";"10108";"2013-01-02T04:18:07";"mastercard";"5451 5583 7767 0302"
"3423862";"469";"10282";"2013-01-27T10:38:14";"mastercard";"5516 9310 9218 8368"
"3423863";"785";"10191";"2013-01-03T12:14:47";"instapayment";"6399 3621 1508 4162"
"3423864";"923";"10083";"2013-01-23T07:45:48";"visa";"4347 2482 7888 2369"
"3423865";"934";"10149";"2013-01-19T06:58:35";"mastercard";"5364 0036 1884 9049"
"3423866";"612";"10328";"2013-01-08T02:41:21";"maestro";"6763 6646 5865 4071"
"3423867";"647";"10223";"2013-01-22T02:52:30";"visa";"4236 3055 2946 4217"
"3423868";"184";"10165";"2013-01-10T03:06:52";"maestro";"6304 3927 8615 9559"
"3423869";"119";"10120";"2013-01-18T09:41:26";"visaelectron";"4844 2683 2399 0288"
"3423870";"654";"10135";"2013-01-29T07:16:45";"visa";"4320 8675 1617 4973"
"3423871";"482";"10121";"2013-01-17T08:40:43";"visaelectron";"4175 0036 2614 0284"
"3423872";"871";"10198";"2013-01-19T08:20:50";"amex";"3747 8539 9341 019"
"3423873";"470";"10113";"2013-01-03T10:16:00";"amex";"3427 3047 3009 933"
"3423874";"796";"10230";"2013-01-19T03:55:03";"visaelectron";"4508 5322 6306 1229"
"3423875";"983";"10123";"2013-01-02T07:26:33";"maestro";"5018 8722 9092 5628"
"3423876";"933";"10057";"2013-01-16T11:10:57";"maestro";"5020 2166 3045 8583"
"3423877";"675";"10349";"2013-01-01T06:39:18";"visa";"4016 2742 0235 4739"
"3423878";"555";"10050";"2013-01-02T01:25:23";"visaelectron";"4844 8926 2359 2245"
"3423879";"159";"10347";"2013-01-01T07:35:52";"mastercard";"5519 5500 9543 2222"
"3423880";"381";"10208";"2013-01-02T10:11:01";"amex";"3768 4419 9817 187"
"3423881";"210";"10151";"2013-01-02T04:59:15";"amex";"3493 3544 5632 839"
"3423882";"27";"10264";"2013-01-06T10:36:34";"mastercard";"5161 0321 0672 1746"
"3423883";"132";"10329";"2013-01-23T08:06:58";"instapayment";"6384 8847 3619 9068"
"3423884";"823";"10187";"2013-01-16T07:20:43";"maestro";"5018 2321 4118 9926"
"3423885";"499";"10000";"2013-01-18T03:11:15";"mastercard";"5406 0456 8654 0992"
"3423886";"600";"10059";"2013-01-21T01:50:59";"amex";"3478 0392 6894 352"
"3423887";"647";"10345";"2013-01-27T10:38:39";"amex";"3712 5759 1247 280"
"3423888";"644";"10023";"2013-01-08T09:49:34";"mastercard";"5509 4060 3364 1451"
"3423889";"622";"10332";"2013-01-19T11:57:36";"visa";"4480 9913 5478 9423"
"3423890";"298";"10174";"2013-01-08T11:39:34";"maestro";"5020 9898 7276 8980"
"3423891";"755";"10148";"2013-01-24T07:38:11";"instapayment";"6385 7345 1174 4340"
"3423892";"637";"10148";"2013-01-09T04:54:45";"visa";"4670 9715 5391 0202"
"3423893";"690";"10284";"2013-01-11T05:40:41";"visa";"4632 2599 4943 0789"
"3423894";"224";"10100";"2013-01-02T02:04:22";"visa";"4601 9016 1250 7115"
"3423895";"480";"10312";"2013-01-18T11:01:00";"visaelectron";"4026 9910 5484 6417"
"3423896";"188";"10021";"2013-01-04T07:39:05";"amex";"3437 2890 6170 008"
"3423897";"300";"10065";"2013-01-29T07:16:15";"mastercard";"5223 6723 4256 4255"
"3423898";"814";"10049";"2013-01-19T07:32:39";"visa";"4183 2792 4460 5680"
"3423899";"473";"10244";"2013-01-26T06:01:22";"instapayment";"6387 1831 6958 9193"
"3423900";"331";"10338";"2013-01-12T03:15:48";"mastercard";"5542 9136 3406 3513"
"3423901";"708";"10156";"2013-01-07T10:20:39";"visa";"4225 7655 2439 6495"
"3423902";"852";"10154";"2013-01-10T12:39:51";"mastercard";"5581 1614 6998 4138"
"3423903";"929";"10327";"2013-01-06T04:34:45";"maestro";"5020 0562 8137 7546"
"3423904";"273";"10073";"2013-01-11T01:47:32";"instapayment";"6381 1619 2665 8416"
"3423905";"613";"10130";"2013-01-14T04:18:58";"visaelectron";"4917 4338 0815 1762"
"3423906";"449";"10314";"2013-01-24T01:37:19";"instapayment";"6394 1487 2314 5197"
"3423907";"280";"10323";"2013-01-06T12:12:17";"instapayment";"6395 1797 0462 1780"
"3423908";"197";"10083";"2013-01-21T06:22:48";"mastercard";"5529 9112 4002 3738"
"3423909";"705";"10307";"2013-01-12T10:04:06";"visa";"4949 4313 5912 6706"
"3423910";"452";"10319";"2013-01-25T01:15:58";"mastercard";"5454 2651 8380 2858"
"3423911";"429";"10280";"2013-01-25T03:35:02";"visa";"4261 8463 6673 7221"
"3423912";"457";"10138";"2013-01-14T10:43:19";"instapayment";"6373 9627 3916 9719"
"3423913";"353";"10076";"2013-01-02T06:47:38";"instapayment";"6386 5327 2186 0511"
"3423914";"991";"10004";"2013-01-24T02:56:23";"mastercard";"5469 2564 2677 3520"
"3423915";"572";"10107";"2013-01-17T04:49:34";"visaelectron";"4175 0002 1139 6073"
"3423916";"459";"10215";"2013-01-12T10:39:57";"visa";"4592 5118 9875 2375"
"3423917";"105";"10148";"2013-01-19T07:12:02";"instapayment";"6385 7291 6834 2836"
"3423918";"114";"10297";"2013-01-19T07:42:11";"instapayment";"6395 7654 6948 4685"
"3423919";"838";"10015";"2013-01-05T05:35:12";"visaelectron";"4508 3102 6785 8548"
"3423920";"846";"10133";"2013-01-04T02:32:04";"visaelectron";"4508 1578 1152 9111"
"3423921";"862";"10274";"2013-01-03T02:58:53";"maestro";"5038 4468 0446 5235"
"3423922";"709";"10149";"2013-01-13T04:28:48";"visa";"4360 6694 0680 5505"
"3423923";"296";"10276";"2013-01-30T11:20:03";"maestro";"5893 9889 6800 6093"
"3423924";"795";"10108";"2013-01-02T02:01:47";"mastercard";"5419 9913 3279 4381"
"3423925";"908";"10237";"2013-01-09T04:24:53";"instapayment";"6388 4185 8658 3992"
"3423926";"202";"10235";"2013-01-10T06:35:40";"mastercard";"5303 6631 7306 9095"
"3423927";"85";"10226";"2013-01-15T12:34:43";"mastercard";"5105 4070 3832 8092"
"3423928";"514";"10328";"2013-01-05T05:41:48";"amex";"3460 7280 5488 949"
"3423929";"152";"10024";"2013-01-21T09:17:50";"visaelectron";"4913 2892 6571 9044"
"3423930";"695";"10166";"2013-01-07T11:00:13";"instapayment";"6376 0324 0690 4785"
"3423931";"696";"10034";"2013-01-21T03:16:24";"amex";"3741 6012 5864 025"
"3423932";"282";"10233";"2013-01-24T08:08:16";"visaelectron";"4844 3443 2942 1329"
"3423933";"252";"10149";"2013-01-11T03:44:59";"maestro";"6761 6973 8806 1524"
"3423934";"542";"10263";"2013-01-15T12:06:12";"instapayment";"6390 0780 9724 6004"
"3423935";"664";"10083";"2013-01-03T08:59:41";"instapayment";"6382 1191 3588 7647"
"3423936";"595";"10305";"2013-01-18T01:37:16";"maestro";"6304 8493 6715 8193"
"3423937";"513";"10321";"2013-01-18T07:21:28";"instapayment";"6392 7490 4137 0409"
"3423938";"533";"10079";"2013-01-22T01:49:46";"instapayment";"6378 5953 9141 8704"
"3423939";"196";"10261";"2013-01-22T10:37:55";"visaelectron";"4917 1240 0246 2630"
"3423940";"269";"10217";"2013-01-22T01:46:40";"maestro";"6763 8703 4054 7496"
"3423941";"689";"10043";"2013-01-20T11:34:42";"visaelectron";"4026 5297 2691 8501"
"3423942";"173";"10340";"2013-01-25T08:03:02";"maestro";"5893 8531 4267 5504"
"3423943";"505";"10152";"2013-01-02T06:11:17";"visa";"4440 2580 1835 8360"
"3423944";"562";"10196";"2013-01-23T12:03:44";"instapayment";"6389 6105 8882 9188"
"3423945";"106";"10231";"2013-01-12T02:47:49";"instapayment";"6378 3875 6014 2152"
"3423946";"747";"10305";"2013-01-11T07:59:00";"visaelectron";"4913 5093 1346 4628"
"3423947";"870";"10125";"2013-01-17T12:06:07";"visa";"4528 0227 6936 3903"
"3423948";"673";"10308";"2013-01-27T10:15:12";"instapayment";"6393 3426 9088 1600"
"3423949";"721";"10127";"2013-01-09T12:55:54";"amex";"3710 3622 3990 719"
"3423950";"133";"10207";"2013-01-21T03:09:49";"mastercard";"5580 9667 5230 7982"
"3423951";"691";"10296";"2013-01-14T02:56:32";"visaelectron";"4175 0050 6748 4907"
"3423952";"171";"10145";"2013-01-25T05:57:04";"maestro";"6761 6126 1545 1455"
"3423953";"49";"10014";"2013-01-27T04:55:31";"maestro";"5020 7170 3000 3960"
"3423954";"564";"10242";"2013-01-16T06:32:40";"visaelectron";"4844 5027 3431 5697"
"3423955";"50";"10336";"2013-01-06T03:30:43";"visa";"4364 6157 8623 6494"
"3423956";"208";"10110";"2013-01-06T02:39:00";"mastercard";"5545 8929 8205 3457"
"3423957";"61";"10303";"2013-01-12T04:30:44";"visa";"4300 9481 7936 2032"
"3423958";"811";"10336";"2013-01-05T05:50:40";"amex";"3470 4314 8151 824"
"3423959";"560";"10074";"2013-01-09T04:51:55";"visaelectron";"4026 6375 5368 2056"
"3423960";"587";"10286";"2013-01-18T07:16:25";"mastercard";"5595 6117 9663 0956"
"3423961";"487";"10321";"2013-01-03T10:47:00";"amex";"3453 5229 9921 261"
"3423962";"472";"10046";"2013-01-10T07:45:48";"mastercard";"5293 4308 5587 4123"
"3423963";"524";"10210";"2013-01-25T02:41:50";"maestro";"5018 9239 3924 5777"
"3423964";"27";"10020";"2013-01-02T01:31:20";"mastercard";"5112 5902 5448 5422"
"3423965";"138";"10176";"2013-01-07T11:16:04";"amex";"3412 2702 8549 043"
"3423966";"344";"10191";"2013-01-16T02:59:06";"maestro";"6759 3512 8542 3528"
"3423967";"649";"10068";"2013-01-03T05:59:07";"amex";"3798 4996 2362 243"
"3423968";"186";"10349";"2013-01-25T04:44:40";"amex";"3402 1374 6182 284"
"3423969";"156";"10073";"2013-01-05T04:11:57";"visaelectron";"4917 3970 8807 7320"
"3423970";"77";"10150";"2013-01-11T06:20:37";"instapayment";"6389 9984 0351 1242"
"3423971";"870";"10325";"2013-01-22T04:36:41";"visa";"4017 5450 2051 4375"
"3423972";"304";"10280";"2013-01-27T02:55:14";"maestro";"5038 4419 9138 1667"
"3423973";"339";"10292";"2013-01-23T03:49:46";"visaelectron";"4917 0519 3223 5739"
"3423974";"561";"10285";"2013-01-30T09:36:29";"instapayment";"6378 4208 2694 8482"
"3423975";"19";"10105";"2013-01-11T02:06:07";"mastercard";"5508 1438 2146 3431"
"3423976";"524";"10131";"2013-01-10T10:19:29";"visa";"4624 0239 6780 1242"
"3423977";"924";"10227";"2013-01-27T03:50:16";"visaelectron";"4913 6778 0070 0380"
"3423978";"766";"10119";"2013-01-22T01:05:41";"visa";"4385 8025 3970 3435"
"3423979";"386";"10037";"2013-01-18T02:08:00";"amex";"3480 2578 8789 830"
"3423980";"233";"10279";"2013-01-24T02:04:45";"visaelectron";"4917 7549 3921 5998"
"3423981";"488";"10229";"2013-01-05T08:05:05";"amex";"3766 0956 0274 585"
"3423982";"982";"10145";"2013-01-01T07:10:55";"mastercard";"5109 2181 0348 6301"
"3423983";"427";"10160";"2013-01-24T10:57:06";"instapayment";"6372 8672 4637 5116"
"3423984";"998";"10306";"2013-01-09T12:44:13";"amex";"3498 2327 2965 679"
"3423985";"838";"10267";"2013-01-25T05:46:04";"mastercard";"5443 7337 6763 1526"
"3423986";"668";"10159";"2013-01-24T03:17:25";"instapayment";"6390 7006 0126 6976"
"3423987";"140";"10230";"2013-01-01T08:58:37";"visaelectron";"4917 7244 3356 1668"
"3423988";"951";"10033";"2013-01-18T12:41:29";"visaelectron";"4026 3292 8341 8536"
"3423989";"68";"10024";"2013-01-05T09:51:56";"visaelectron";"4508 2156 3638 4052"
"3423990";"370";"10082";"2013-01-04T05:19:59";"instapayment";"6391 7757 4691 9258"
"3423991";"878";"10259";"2013-01-17T10:34:13";"mastercard";"5496 7265 1455 0466"
"3423992";"667";"10234";"2013-01-30T08:10:20";"visa";"4369 1288 5657 8063"
"3423993";"140";"10231";"2013-01-09T09:06:01";"amex";"3762 5099 2988 656"
"3423994";"414";"10196";"2013-01-11T01:46:46";"instapayment";"6378 2248 4542 7563"
"3423995";"633";"10243";"2013-01-29T02:28:26";"maestro";"6759 0154 0115 0238"
"3423996";"900";"10156";"2013-01-29T04:35:06";"mastercard";"5496 0399 0127 9701"
"3423997";"670";"10210";"2013-01-08T09:03:22";"maestro";"6304 8633 2619 4116"
"3423998";"328";"10261";"2013-01-24T03:00:37";"visa";"4612 9653 7001 2771"
"3423999";"28";"10255";"2013-01-26T07:14:24";"instapayment";"6398 2017 3879 8983"
"3424000";"752";"10314";"2013-01-11T07:06:22";"visaelectron";"4917 0232 2708 4775"
"3424001";"783";"10022";"2013-01-01T07:37:11";"visaelectron";"4917 4970 5909 3460"
"3424002";"201";"10224";"2013-01-08T04:45:19";"visaelectron";"4026 2725 7495 1130"
"3424003";"576";"10015";"2013-01-22T10:27:33";"visa";"4535 3753 1693 1429"
"3424004";"94";"10155";"2013-01-01T12:25:37";"maestro";"6762 8174 6586 5220"
"3424005";"198";"10271";"2013-01-24T01:05:19";"amex";"3414 3614 5166 751"
"3424006";"447";"10075";"2013-01-07T09:28:30";"mastercard";"5299 0704 9700 0663"
"3424007";"949";"10006";"2013-01-11T09:21:28";"maestro";"6761 4418 2101 5981"
"3424008";"326";"10292";"2013-01-12T05:39:15";"mastercard";"5435 9707 5345 9195"
"3424009";"936";"10045";"2013-01-07T07:24:43";"instapayment";"6377 7652 4604 8250"
"3424010";"655";"10317";"2013-01-17T11:42:31";"amex";"3729 1990 5207 313"
"3424011";"281";"10265";"2013-01-12T11:14:03";"instapayment";"6375 2107 3744 9495"
"3424012";"830";"10123";"2013-01-15T01:54:19";"maestro";"6762 4148 4232 4053"
"3424013";"294";"10275";"2013-01-07T05:55:43";"visa";"4049 4158 3213 4022"
"3424014";"515";"10080";"2013-01-03T04:06:52";"maestro";"6304 7855 9098 8875"
"3424015";"776";"10131";"2013-01-10T02:13:08";"instapayment";"6398 0466 9675 5891"
"3424016";"657";"10008";"2013-01-18T08:41:54";"mastercard";"5219 9267 7662 1916"
"3424017";"970";"10180";"2013-01-28T09:34:37";"amex";"3428 4992 3907 874"
"3424018";"996";"10149";"2013-01-13T02:48:56";"amex";"3757 0014 9534 234"
"3424019";"157";"10187";"2013-01-22T06:22:04";"instapayment";"6375 6651 8050 5988"
"3424020";"320";"10057";"2013-01-06T07:10:26";"instapayment";"6379 9988 6817 7820"
"3424021";"513";"10217";"2013-01-16T01:56:02";"amex";"3785 2246 3452 398"
"3424022";"263";"10020";"2013-01-24T03:05:05";"instapayment";"6387 2042 3273 2840"
"3424023";"688";"10012";"2013-01-05T11:15:18";"mastercard";"5365 8490 0945 0683"
"3424024";"745";"10304";"2013-01-16T07:08:15";"mastercard";"5282 8592 9091 3232"
"3424025";"440";"10081";"2013-01-24T05:19:54";"mastercard";"5152 6090 9440 1877"
"3424026";"4";"10304";"2013-01-27T05:56:40";"mastercard";"5437 4301 2142 7380"
"3424027";"832";"10185";"2013-01-14T05:47:33";"visa";"4154 2961 3403 7308"
"3424028";"740";"10119";"2013-01-28T10:55:39";"instapayment";"6394 8629 7877 7096"
"3424029";"733";"10086";"2013-01-12T06:52:49";"instapayment";"6395 2961 1025 9342"
"3424030";"167";"10120";"2013-01-21T01:30:01";"maestro";"5038 8641 2352 9137"
"3424031";"779";"10223";"2013-01-10T02:13:41";"instapayment";"6399 7701 5814 9066"
"3424032";"528";"10052";"2013-01-25T10:55:30";"maestro";"6304 6731 3118 0204"
"3424033";"545";"10272";"2013-01-18T01:19:59";"amex";"3703 7982 3736 400"
"3424034";"277";"10266";"2013-01-12T06:59:47";"amex";"3790 7212 2067 517"
"3424035";"384";"10013";"2013-01-05T10:09:40";"amex";"3760 8588 3530 781"
"3424036";"218";"10270";"2013-01-05T05:26:02";"instapayment";"6389 6272 0811 7679"
"3424037";"304";"10107";"2013-01-08T07:39:16";"amex";"3440 9261 7882 560"
"3424038";"806";"10221";"2013-01-15T11:00:56";"amex";"3767 3364 2356 358"
"3424039";"278";"10111";"2013-01-18T10:52:41";"amex";"3780 6261 1724 786"
"3424040";"260";"10018";"2013-01-22T07:03:08";"amex";"3437 2136 4194 768"
"3424041";"589";"10001";"2013-01-13T12:25:19";"visaelectron";"4026 8916 8579 2735"
"3424042";"310";"10314";"2013-01-06T12:50:16";"visaelectron";"4913 9624 9911 8957"
"3424043";"174";"10217";"2013-01-17T04:14:41";"maestro";"6762 2077 7860 4302"
"3424044";"237";"10155";"2013-01-03T10:10:24";"amex";"3717 7609 7213 041"
"3424045";"430";"10284";"2013-01-08T01:41:27";"visa";"4173 9993 7900 7525"
"3424046";"267";"10080";"2013-01-18T11:17:13";"visaelectron";"4844 6393 9478 1204"
"3424047";"632";"10155";"2013-01-17T08:16:46";"maestro";"6761 5914 7764 2270"
"3424048";"571";"10038";"2013-01-03T12:42:51";"maestro";"6763 7285 5393 2682"
"3424049";"921";"10102";"2013-01-29T06:06:25";"visa";"4367 9528 7470 2088"
"3424050";"854";"10103";"2013-01-14T05:38:30";"visa";"4665 6375 2700 2015"
"3424051";"810";"10023";"2013-01-28T02:18:41";"amex";"3496 1960 2599 661"
"3424052";"970";"10109";"2013-01-27T06:49:39";"maestro";"5893 4239 2809 8915"
"3424053";"299";"10133";"2013-01-13T10:01:11";"visaelectron";"4508 0001 8368 3332"
"3424054";"94";"10311";"2013-01-22T05:18:02";"mastercard";"5393 8180 7969 1118"
"3424055";"963";"10169";"2013-01-05T04:19:49";"amex";"3779 8478 4222 069"
"3424056";"705";"10217";"2013-01-13T10:33:36";"instapayment";"6395 7298 5920 8633"
"3424057";"869";"10165";"2013-01-30T11:51:02";"amex";"3751 8690 2670 532"
"3424058";"87";"10078";"2013-01-16T06:20:35";"visaelectron";"4175 0063 5605 7453"
"3424059";"717";"10281";"2013-01-16T03:12:06";"amex";"3409 6444 0194 047"
"3424060";"42";"10309";"2013-01-28T03:22:20";"visa";"4415 6440 6672 3657"
"3424061";"443";"10176";"2013-01-17T07:43:46";"maestro";"6761 6003 3548 8626"
"3424062";"298";"10292";"2013-01-03T06:24:13";"visa";"4575 6744 8307 5445"
"3424063";"377";"10184";"2013-01-20T04:02:16";"maestro";"5038 3355 9754 5735"
"3424064";"421";"10003";"2013-01-01T03:10:23";"visaelectron";"4175 0079 2934 1507"
"3424065";"157";"10005";"2013-01-17T02:46:14";"maestro";"6304 5081 1497 7277"
"3424066";"80";"10298";"2013-01-03T08:43:25";"instapayment";"6374 3307 9756 5823"
"3424067";"809";"10052";"2013-01-14T05:00:57";"visa";"4200 7448 4764 1787"
"3424068";"206";"10346";"2013-01-13T04:56:08";"instapayment";"6383 9865 3296 7316"
"3424069";"839";"10100";"2013-01-17T05:49:41";"visa";"4551 4537 1975 0909"
"3424070";"915";"10217";"2013-01-21T11:48:16";"visa";"4704 3040 1029 1935"
"3424071";"638";"10334";"2013-01-23T01:08:29";"amex";"3406 5337 2105 630"
"3424072";"84";"10236";"2013-01-28T12:29:52";"maestro";"5020 8847 2114 8098"
"3424073";"310";"10007";"2013-01-11T10:08:40";"visa";"4797 5079 5671 6453"
"3424074";"70";"10326";"2013-01-23T11:12:15";"visaelectron";"4026 6617 6684 1796"
"3424075";"798";"10006";"2013-01-23T11:47:02";"mastercard";"5226 7892 2096 3578"
"3424076";"462";"10104";"2013-01-20T11:20:02";"instapayment";"6393 3461 2143 1117"
"3424077";"251";"10091";"2013-01-01T11:13:39";"maestro";"6762 7734 8038 6900"
"3424078";"614";"10106";"2013-01-13T12:06:28";"instapayment";"6375 8769 1884 4983"
"3424079";"711";"10261";"2013-01-04T03:58:04";"mastercard";"5113 8521 5731 2528"
"3424080";"423";"10261";"2013-01-19T07:10:29";"mastercard";"5489 7943 8015 1420"
"3424081";"558";"10148";"2013-01-18T09:56:49";"maestro";"6761 2484 2734 0493"
"3424082";"30";"10037";"2013-01-11T03:28:51";"mastercard";"5557 4448 4543 1663"
"3424083";"592";"10165";"2013-01-29T07:30:40";"amex";"3707 0305 2707 784"
"3424084";"91";"10000";"2013-01-17T08:28:36";"instapayment";"6372 2057 4131 8564"
"3424085";"305";"10237";"2013-01-13T10:12:03";"mastercard";"5475 1319 3444 3621"
"3424086";"849";"10167";"2013-01-13T02:14:06";"amex";"3482 1061 3054 309"
"3424087";"667";"10327";"2013-01-04T06:03:44";"visaelectron";"4508 2800 9296 8731"
"3424088";"471";"10124";"2013-01-27T06:50:02";"amex";"3493 1350 7581 582"
"3424089";"716";"10008";"2013-01-15T06:38:28";"mastercard";"5555 8694 7670 7241"
"3424090";"38";"10097";"2013-01-08T09:07:28";"visa";"4471 1344 2349 2478"
"3424091";"323";"10238";"2013-01-19T06:25:30";"amex";"3744 5005 7437 837"
"3424092";"115";"10082";"2013-01-01T01:44:43";"instapayment";"6382 0587 5218 0144"
"3424093";"805";"10296";"2013-01-07T04:07:31";"mastercard";"5250 2938 4090 5910"
"3424094";"76";"10213";"2013-01-03T01:29:13";"instapayment";"6383 6780 2276 7682"
"3424095";"445";"10243";"2013-01-26T07:03:55";"maestro";"6304 3711 7942 8631"
"3424096";"174";"10284";"2013-01-03T08:37:12";"visaelectron";"4917 8107 1920 2265"
"3424097";"554";"10262";"2013-01-01T09:34:05";"visaelectron";"4026 8171 9153 4394"
"3424098";"950";"10194";"2013-01-21T05:50:35";"visaelectron";"4844 4370 6779 4814"
"3424099";"480";"10278";"2013-01-30T04:30:31";"instapayment";"6371 0996 4710 5873"
"3424100";"687";"10236";"2013-01-13T05:20:06";"visa";"4980 7003 6699 0498"
"3424101";"791";"10341";"2013-01-01T04:39:30";"mastercard";"5437 7988 4116 0253"
"3424102";"507";"10080";"2013-01-04T07:57:39";"maestro";"6759 5285 8978 9817"
"3424103";"980";"10212";"2013-01-01T06:30:19";"amex";"3773 7519 8216 617"
"3424104";"181";"10093";"2013-01-28T11:04:51";"instapayment";"6389 8311 4570 1633"
"3424105";"163";"10247";"2013-01-14T05:10:57";"visaelectron";"4175 0060 5375 3594"
"3424106";"877";"10101";"2013-01-04T08:18:01";"instapayment";"6386 5730 9100 3951"
"3424107";"659";"10064";"2013-01-11T06:19:42";"visaelectron";"4844 3849 8195 5040"
"3424108";"904";"10306";"2013-01-01T01:28:00";"amex";"3723 1299 4709 078"
"3424109";"829";"10013";"2013-01-30T08:45:16";"maestro";"6759 8475 9219 7556"
"3424110";"927";"10155";"2013-01-26T03:26:28";"amex";"3770 2660 1653 215"
"3424111";"207";"10184";"2013-01-08T10:46:22";"visaelectron";"4026 6759 2090 3110"
"3424112";"306";"10116";"2013-01-20T11:31:44";"mastercard";"5192 2161 9185 1392"
"3424113";"801";"10170";"2013-01-20T06:30:28";"mastercard";"5251 8031 5490 6269"
"3424114";"951";"10244";"2013-01-01T10:03:49";"visaelectron";"4917 0127 7105 8244"
"3424115";"425";"10209";"2013-01-14T08:35:20";"visa";"4966 1618 0452 2286"
"3424116";"546";"10276";"2013-01-07T12:23:50";"visa";"4725 9681 5527 8900"
"3424117";"40";"10062";"2013-01-02T05:23:56";"visa";"4254 9612 7683 2712"
"3424118";"49";"10097";"2013-01-04T09:27:59";"visa";"4157 6072 4843 4826"
"3424119";"401";"10217";"2013-01-26T04:32:15";"visaelectron";"4913 6410 7478 8240"
"3424120";"171";"10048";"2013-01-08T03:52:43";"visa";"4115 2433 2957 7050"
"3424121";"732";"10091";"2013-01-09T09:13:19";"visa";"4356 8334 1084 5131"
"3424122";"905";"10195";"2013-01-04T07:50:29";"visaelectron";"4917 4727 6017 7076"
"3424123";"785";"10243";"2013-01-13T04:42:08";"amex";"3737 1926 4943 279"
"3424124";"241";"10002";"2013-01-07T10:32:32";"visaelectron";"4026 2312 4486 5708"
"3424125";"372";"10028";"2013-01-13T07:58:15";"visaelectron";"4175 0080 1986 7237"
"3424126";"927";"10126";"2013-01-23T05:06:33";"maestro";"6761 1224 6137 8513"
"3424127";"408";"10017";"2013-01-28T12:57:29";"instapayment";"6378 7359 2358 7804"
"3424128";"520";"10130";"2013-01-11T12:03:09";"visa";"4347 0059 3189 4375"
"3424129";"552";"10045";"2013-01-22T06:03:30";"maestro";"5893 5320 5211 9352"
"3424130";"945";"10173";"2013-01-06T04:02:33";"amex";"3459 7836 9217 964"
"3424131";"780";"10170";"2013-01-09T08:23:44";"visa";"4500 8250 1816 2351"
"3424132";"555";"10071";"2013-01-06T09:27:15";"maestro";"6761 6112 1556 6308"
"3424133";"608";"10326";"2013-01-04T06:44:38";"mastercard";"5366 8250 1973 3234"
"3424134";"927";"10147";"2013-01-24T05:39:37";"instapayment";"6373 9111 5146 2326"
"3424135";"226";"10276";"2013-01-19T10:11:31";"maestro";"5038 7686 2513 4652"
"3424136";"711";"10262";"2013-01-12T09:19:02";"visa";"4892 0366 9127 0778"
"3424137";"503";"10085";"2013-01-29T09:28:00";"maestro";"5038 8808 9970 1205"
"3424138";"431";"10118";"2013-01-13T02:49:02";"visa";"4349 8207 7119 6303"
"3424139";"685";"10060";"2013-01-22T07:41:54";"maestro";"5018 5418 6923 7968"
"3424140";"515";"10096";"2013-01-04T03:27:57";"amex";"3426 9545 2231 735"
"3424141";"610";"10119";"2013-01-13T09:44:50";"instapayment";"6384 3163 3961 0498"
"3424142";"730";"10053";"2013-01-26T03:32:22";"maestro";"5020 6702 1882 8619"
"3424143";"445";"10028";"2013-01-04T04:56:11";"visa";"4586 8383 0371 4478"
"3424144";"879";"10161";"2013-01-15T10:37:32";"maestro";"5018 0644 0966 4591"
"3424145";"273";"10067";"2013-01-08T08:15:07";"amex";"3460 4826 0665 833"
"3424146";"845";"10026";"2013-01-02T08:18:58";"instapayment";"6390 3675 8177 3007"
"3424147";"323";"10298";"2013-01-09T12:11:05";"maestro";"5038 1794 5728 4161"
"3424148";"42";"10249";"2013-01-03T10:51:56";"visa";"4454 5365 8222 2671"
"3424149";"302";"10287";"2013-01-16T05:29:48";"amex";"3465 3106 8587 374"
"3424150";"903";"10302";"2013-01-23T04:48:50";"mastercard";"5104 6989 9726 6494"
"3424151";"65";"10022";"2013-01-20T10:32:27";"mastercard";"5449 1892 2029 2659"
"3424152";"288";"10028";"2013-01-16T11:10:18";"visaelectron";"4913 8279 4382 4106"
"3424153";"790";"10060";"2013-01-06T08:55:22";"mastercard";"5372 2014 3880 3309"
"3424154";"577";"10305";"2013-01-03T04:42:01";"amex";"3722 7293 4867 008"
"3424155";"993";"10228";"2013-01-12T09:08:54";"mastercard";"5441 3194 8256 5058"
"3424156";"824";"10226";"2013-01-12T02:20:55";"visa";"4412 1953 1299 8661"
"3424157";"896";"10091";"2013-01-24T02:15:37";"instapayment";"6385 5986 8092 5224"
"3424158";"513";"10174";"2013-01-12T09:31:30";"visaelectron";"4026 8681 3576 9521"
"3424159";"159";"10005";"2013-01-13T02:11:50";"instapayment";"6393 5925 6261 1580"
"3424160";"339";"10142";"2013-01-07T04:15:14";"amex";"3753 2874 4884 034"
"3424161";"500";"10147";"2013-01-14T05:39:40";"amex";"3424 9277 3687 351"
"3424162";"998";"10237";"2013-01-27T04:17:19";"visaelectron";"4917 2596 9647 5926"
"3424163";"518";"10263";"2013-01-06T08:30:21";"mastercard";"5382 4990 9576 2713"
"3424164";"116";"10048";"2013-01-26T01:54:10";"visaelectron";"4844 9412 1695 9814"
"3424165";"851";"10329";"2013-01-10T10:24:12";"instapayment";"6378 8238 1686 4066"
"3424166";"292";"10165";"2013-01-03T02:11:29";"mastercard";"5434 2176 1860 3778"
"3424167";"917";"10264";"2013-01-30T10:26:40";"visa";"4705 8805 9893 2247"
"3424168";"771";"10269";"2013-01-23T06:18:07";"mastercard";"5289 0984 4013 8233"
"3424169";"633";"10143";"2013-01-02T12:47:44";"visaelectron";"4913 0505 1021 4144"
"3424170";"344";"10329";"2013-01-20T08:23:38";"visaelectron";"4844 9397 5281 0656"
"3424171";"890";"10269";"2013-01-19T07:32:22";"amex";"3767 8627 4849 389"
"3424172";"946";"10050";"2013-01-05T06:09:29";"visaelectron";"4508 9617 4328 4673"
"3424173";"69";"10189";"2013-01-11T01:00:33";"maestro";"6759 1170 9788 6784"
"3424174";"856";"10295";"2013-01-01T04:28:56";"instapayment";"6395 8954 3933 4635"
"3424175";"543";"10238";"2013-01-05T04:39:08";"amex";"3787 1592 2056 483"
"3424176";"532";"10111";"2013-01-02T06:36:40";"amex";"3762 2977 7326 076"
"3424177";"961";"10111";"2013-01-12T06:11:50";"amex";"3750 5169 1000 582"
"3424178";"889";"10298";"2013-01-03T05:48:33";"maestro";"5893 6353 0836 2070"
"3424179";"48";"10030";"2013-01-07T06:23:06";"amex";"3497 1552 8935 854"
"3424180";"275";"10248";"2013-01-05T09:46:18";"instapayment";"6374 6750 5078 5983"
"3424181";"834";"10246";"2013-01-05T10:30:49";"instapayment";"6388 5042 6217 3081"
"3424182";"473";"10107";"2013-01-04T04:10:15";"maestro";"6759 2648 9357 8353"
"3424183";"512";"10343";"2013-01-16T02:52:13";"instapayment";"6380 5650 9279 9732"
"3424184";"821";"10258";"2013-01-15T12:14:54";"instapayment";"6392 2212 2232 0116"
"3424185";"538";"10098";"2013-01-08T09:38:55";"visaelectron";"4917 4438 3104 8976"
"3424186";"931";"10252";"2013-01-02T09:46:02";"visaelectron";"4508 1260 1936 7889"
"3424187";"249";"10189";"2013-01-03T09:18:59";"visa";"4734 0493 3554 1423"
"3424188";"558";"10295";"2013-01-03T11:11:21";"visaelectron";"4175 0099 0396 5228"
"3424189";"991";"10201";"2013-01-05T09:17:33";"maestro";"5893 6381 4248 1866"
"3424190";"876";"10190";"2013-01-17T07:29:51";"mastercard";"5511 9368 8877 9119"
"3424191";"703";"10150";"2013-01-08T08:05:43";"maestro";"6759 5118 2938 5281"
"3424192";"811";"10324";"2013-01-08T02:37:49";"instapayment";"6389 8432 7550 8613"
"3424193";"935";"10309";"2013-01-19T08:27:13";"maestro";"6762 1743 8264 5933"
"3424194";"73";"10318";"2013-01-09T05:04:16";"instapayment";"6385 0344 3007 3099"
"3424195";"573";"10001";"2013-01-17T01:07:31";"visa";"4268 2440 9192 8591"
"3424196";"248";"10225";"2013-01-12T12:54:28";"amex";"3715 5239 8919 242"
"3424197";"856";"10315";"2013-01-03T04:50:51";"amex";"3448 3178 0311 075"
"3424198";"641";"10129";"2013-01-02T01:22:50";"visaelectron";"4844 8672 4350 7609"
"3424199";"883";"10139";"2013-01-14T11:17:01";"amex";"3411 8287 3849 123"
"3424200";"550";"10048";"2013-01-24T03:25:09";"visaelectron";"4026 8707 4042 3056"
"3424201";"462";"10158";"2013-01-11T03:51:17";"instapayment";"6375 7181 8661 1407"
"3424202";"301";"10295";"2013-01-08T03:16:59";"amex";"3480 9032 5076 380"
"3424203";"27";"10137";"2013-01-25T02:07:23";"instapayment";"6390 1189 3960 3937"
"3424204";"714";"10027";"2013-01-07T10:52:50";"instapayment";"6377 7077 7842 1125"
"3424205";"367";"10042";"2013-01-26T10:20:02";"maestro";"6762 5619 0471 9339"
"3424206";"601";"10087";"2013-01-30T02:36:49";"visaelectron";"4508 5942 5245 8261"
"3424207";"63";"10163";"2013-01-20T06:57:13";"visa";"4760 6598 9355 7178"
"3424208";"529";"10032";"2013-01-21T01:37:13";"visa";"4459 9709 3852 4255"
"3424209";"870";"10210";"2013-01-30T09:02:10";"maestro";"6763 1927 0855 0172"
"3424210";"372";"10218";"2013-01-01T02:02:24";"mastercard";"5531 4588 9349 8854"
"3424211";"763";"10186";"2013-01-19T12:35:50";"visa";"4864 5860 0070 0737"
"3424212";"95";"10006";"2013-01-15T09:12:16";"visaelectron";"4913 7146 4312 7503"
"3424213";"977";"10001";"2013-01-15T10:33:15";"visaelectron";"4917 8762 5474 8095"
"3424214";"818";"10216";"2013-01-26T12:41:23";"maestro";"6762 6264 9763 6693"
"3424215";"208";"10060";"2013-01-27T11:21:13";"mastercard";"5428 5661 1804 8662"
"3424216";"437";"10180";"2013-01-28T11:45:35";"visa";"4986 2627 7797 1579"
"3424217";"57";"10191";"2013-01-29T05:44:59";"maestro";"5020 0127 4868 3380"
"3424218";"995";"10249";"2013-01-18T10:14:04";"mastercard";"5476 3639 6522 5721"
"3424219";"918";"10153";"2013-01-21T06:07:07";"maestro";"6304 3423 9077 4491"
"3424220";"569";"10332";"2013-01-04T10:46:14";"mastercard";"5360 2312 5391 4141"
"3424221";"782";"10092";"2013-01-11T09:17:12";"amex";"3767 4762 0458 804"
"3424222";"605";"10191";"2013-01-14T01:58:14";"amex";"3465 6305 1776 110"
"3424223";"822";"10159";"2013-01-21T02:24:31";"maestro";"6304 1877 5185 9534"
"3424224";"578";"10226";"2013-01-06T10:28:43";"mastercard";"5349 0247 2747 0956"
"3424225";"244";"10244";"2013-01-09T08:30:24";"visa";"4234 7007 7886 6231"
"3424226";"319";"10064";"2013-01-20T04:05:10";"mastercard";"5103 1974 7121 6647"
"3424227";"558";"10172";"2013-01-23T02:47:41";"visa";"4463 5163 7296 2180"
"3424228";"558";"10310";"2013-01-16T08:01:55";"maestro";"5018 7639 2846 3415"
"3424229";"386";"10258";"2013-01-15T06:01:14";"visa";"4588 3261 9173 2800"
"3424230";"99";"10081";"2013-01-18T07:56:20";"amex";"3761 6444 7395 450"
"3424231";"887";"10062";"2013-01-06T07:54:55";"visaelectron";"4913 1661 5794 9774"
"3424232";"483";"10076";"2013-01-08T01:35:10";"visaelectron";"4913 8601 8662 5344"
"3424233";"156";"10005";"2013-01-18T12:35:02";"visaelectron";"4913 6071 1335 4435"
"3424234";"210";"10033";"2013-01-21T01:59:11";"visa";"4326 2863 3829 1929"
"3424235";"243";"10351";"2013-01-15T03:10:34";"visaelectron";"4917 8451 7066 1732"
"3424236";"351";"10010";"2013-01-16T05:04:55";"visaelectron";"4026 7805 5762 2783"
"3424237";"11";"10198";"2013-01-13T02:39:58";"amex";"3429 6181 1439 207"
"3424238";"883";"10293";"2013-01-14T01:41:16";"amex";"3460 5233 9086 435"
"3424239";"669";"10123";"2013-01-07T10:02:16";"amex";"3798 2462 1512 496"
"3424240";"175";"10134";"2013-01-09T08:04:55";"mastercard";"5539 7108 9117 8405"
"3424241";"680";"10223";"2013-01-29T09:00:48";"visa";"4159 2150 0133 4015"
"3424242";"846";"10138";"2013-01-05T07:00:38";"amex";"3476 3229 6367 222"
"3424243";"695";"10232";"2013-01-08T05:13:57";"visa";"4438 3579 6244 6884"
"3424244";"657";"10209";"2013-01-05T12:39:01";"visa";"4338 7957 8635 9281"
"3424245";"331";"10307";"2013-01-22T01:58:07";"amex";"3753 8201 7987 156"
"3424246";"163";"10044";"2013-01-25T04:43:31";"visaelectron";"4175 0042 4187 2392"
"3424247";"882";"10163";"2013-01-13T06:59:08";"visa";"4446 0899 2191 5325"
"3424248";"628";"10029";"2013-01-30T09:35:03";"visaelectron";"4026 4589 5348 3619"
"3424249";"515";"10094";"2013-01-21T01:05:12";"visa";"4818 4728 4439 0737"
"3424250";"102";"10331";"2013-01-28T06:51:06";"visaelectron";"4175 0055 3754 7408"
"3424251";"94";"10143";"2013-01-22T02:23:34";"mastercard";"5323 7772 1003 4874"
"3424252";"584";"10129";"2013-01-12T12:28:02";"visaelectron";"4508 6616 8422 9402"
"3424253";"565";"10184";"2013-01-18T12:05:49";"mastercard";"5386 1153 9957 3574"
"3424254";"986";"10170";"2013-01-18T11:10:03";"amex";"3767 9849 0317 950"
"3424255";"730";"10172";"2013-01-29T12:31:58";"amex";"3401 6268 8716 759"
"3424256";"895";"10139";"2013-01-20T03:47:34";"visaelectron";"4175 0096 7449 1909"
"3424257";"313";"10302";"2013-01-08T06:18:07";"instapayment";"6393 7193 4459 6884"
"3424258";"232";"10040";"2013-01-13T09:20:06";"maestro";"5018 0063 7172 6072"
"3424259";"473";"10058";"2013-01-13T05:40:48";"visaelectron";"4508 9663 4226 2913"
"3424260";"539";"10157";"2013-01-25T09:13:16";"visaelectron";"4917 1551 5901 2190"
"3424261";"291";"10110";"2013-01-01T02:29:51";"mastercard";"5411 2696 3692 9286"
"3424262";"25";"10249";"2013-01-11T04:47:41";"instapayment";"6370 8546 1348 7569"
"3424263";"292";"10350";"2013-01-25T01:09:34";"amex";"3442 8339 2341 241"
"3424264";"410";"10118";"2013-01-16T09:05:57";"maestro";"6759 1971 6504 9770"
"3424265";"801";"10013";"2013-01-24T06:47:43";"instapayment";"6385 3901 3170 1929"
"3424266";"364";"10162";"2013-01-27T05:50:14";"visa";"4021 6922 9045 4983"
"3424267";"736";"10351";"2013-01-14T12:21:10";"visaelectron";"4844 0235 9946 3266"
"3424268";"563";"10250";"2013-01-07T08:18:29";"mastercard";"5407 0819 4929 4647"
"3424269";"501";"10090";"2013-01-15T09:50:05";"maestro";"6763 2232 5291 1492"
"3424270";"397";"10069";"2013-01-07T09:59:54";"maestro";"5018 8626 0323 4099"
"3424271";"786";"10330";"2013-01-18T08:54:54";"instapayment";"6390 2596 2779 6136"
"3424272";"964";"10210";"2013-01-19T03:57:28";"visaelectron";"4917 8410 7395 1379"
"3424273";"401";"10280";"2013-01-01T09:15:36";"instapayment";"6388 5389 7478 5295"
"3424274";"287";"10343";"2013-01-27T08:39:16";"maestro";"6761 3152 9374 3496"
"3424275";"781";"10049";"2013-01-28T04:10:36";"mastercard";"5416 9366 5417 7080"
"3424276";"579";"10177";"2013-01-10T08:56:42";"amex";"3475 8275 4968 880"
"3424277";"407";"10128";"2013-01-26T04:54:17";"maestro";"5018 0871 3469 6752"
"3424278";"45";"10317";"2013-01-06T07:56:54";"visaelectron";"4175 0068 1829 8216"
"3424279";"190";"10206";"2013-01-13T11:59:47";"amex";"3492 2205 9957 811"
"3424280";"872";"10273";"2013-01-30T04:52:46";"instapayment";"6385 1326 3122 5714"
"3424281";"828";"10000";"2013-01-18T08:30:06";"visa";"4913 4297 3939 7718"
"3424282";"41";"10153";"2013-01-10T07:27:36";"visaelectron";"4508 1595 1945 5854"
"3424283";"247";"10148";"2013-01-01T08:45:21";"visaelectron";"4026 9842 6168 9639"
"3424284";"78";"10346";"2013-01-30T07:44:18";"visaelectron";"4508 6750 4879 1899"
"3424285";"466";"10148";"2013-01-02T04:36:50";"mastercard";"5229 4585 5613 0791"
"3424286";"162";"10236";"2013-01-14T10:01:14";"visa";"4233 0576 6246 6490"
"3424287";"724";"10026";"2013-01-16T08:45:21";"instapayment";"6372 6746 8006 8409"
"3424288";"789";"10184";"2013-01-30T02:19:47";"amex";"3724 4543 2942 537"
"3424289";"190";"10035";"2013-01-01T10:18:07";"visaelectron";"4026 7658 6603 9167"
"3424290";"804";"10112";"2013-01-13T05:32:44";"amex";"3440 3510 7033 962"
"3424291";"361";"10216";"2013-01-02T03:25:12";"maestro";"6761 4983 9051 6690"
"3424292";"724";"10257";"2013-01-11T10:48:17";"instapayment";"6390 2684 4054 1561"
"3424293";"159";"10115";"2013-01-28T07:13:07";"instapayment";"6398 7445 2963 4974"
"3424294";"175";"10138";"2013-01-26T03:22:18";"mastercard";"5400 7881 3969 3217"
"3424295";"706";"10046";"2013-01-25T06:01:38";"visaelectron";"4913 5616 4465 9681"
"3424296";"731";"10066";"2013-01-12T05:16:44";"mastercard";"5204 9149 1672 8723"
"3424297";"55";"10232";"2013-01-21T05:57:30";"visaelectron";"4175 0030 7942 8400"
"3424298";"594";"10286";"2013-01-15T10:56:10";"instapayment";"6377 2170 6073 2361"
"3424299";"414";"10051";"2013-01-24T11:12:27";"visaelectron";"4913 9870 0005 6933"
"3424300";"386";"10008";"2013-01-06T09:36:02";"visa";"4992 0729 5161 6110"
"3424301";"999";"10144";"2013-01-06T02:56:43";"mastercard";"5252 7106 6440 8596"
"3424302";"770";"10165";"2013-01-12T04:57:12";"visaelectron";"4508 8674 8872 8214"
"3424303";"252";"10150";"2013-01-25T11:23:49";"maestro";"5038 7930 1766 0403"
"3424304";"746";"10132";"2013-01-12T05:54:42";"maestro";"6761 3515 3552 3172"
"3424305";"30";"10050";"2013-01-04T06:01:36";"visa";"4143 9935 7818 3333"
"3424306";"247";"10140";"2013-01-03T07:14:40";"visa";"4903 7532 5084 4424"
"3424307";"334";"10246";"2013-01-15T08:44:36";"amex";"3458 3053 3943 175"
"3424308";"97";"10117";"2013-01-22T10:36:41";"visa";"4314 5948 2998 6442"
"3424309";"287";"10105";"2013-01-09T03:16:58";"maestro";"5893 7102 4617 4802"
"3424310";"474";"10053";"2013-01-16T06:40:54";"visaelectron";"4026 9313 5055 2277"
"3424311";"361";"10027";"2013-01-10T01:18:54";"visaelectron";"4175 0077 1847 7819"
"3424312";"782";"10002";"2013-01-09T10:39:00";"amex";"3705 9583 5200 016"
"3424313";"312";"10159";"2013-01-19T05:32:26";"instapayment";"6379 2060 7710 9513"
"3424314";"222";"10183";"2013-01-21T05:55:50";"mastercard";"5504 4626 2788 2402"
"3424315";"882";"10089";"2013-01-02T11:39:34";"visaelectron";"4026 7126 2169 7004"
"3424316";"436";"10193";"2013-01-25T01:48:53";"maestro";"6761 4678 9201 8372"
"3424317";"90";"10275";"2013-01-12T08:46:09";"visaelectron";"4508 8627 3464 5155"
"3424318";"285";"10059";"2013-01-27T04:06:49";"visa";"4071 5011 4792 9775"
"3424319";"848";"10275";"2013-01-23T09:45:16";"amex";"3441 8728 7459 937"
"3424320";"215";"10107";"2013-01-01T12:16:22";"visa";"4293 3703 4124 2696"
"3424321";"736";"10270";"2013-01-18T11:45:15";"maestro";"6762 2605 8226 4706"
"3424322";"689";"10294";"2013-01-03T10:51:32";"instapayment";"6398 6129 9946 3655"
"3424323";"965";"10337";"2013-01-23T01:29:16";"visaelectron";"4508 4003 9868 8474"
"3424324";"841";"10129";"2013-01-09T10:18:23";"mastercard";"5198 7456 6095 2111"
"3424325";"975";"10079";"2013-01-08T12:34:01";"visaelectron";"4508 2642 4840 2795"
"3424326";"855";"10072";"2013-01-19T05:59:07";"amex";"3420 6713 0510 726"
"3424327";"647";"10045";"2013-01-09T01:37:46";"visaelectron";"4508 5939 0664 5562"
"3424328";"563";"10086";"2013-01-29T05:16:14";"visa";"4785 7283 3694 8723"
"3424329";"804";"10047";"2013-01-21T12:49:59";"maestro";"6759 6641 3685 2921"
"3424330";"426";"10192";"2013-01-13T05:12:42";"visa";"4756 2245 9071 2182"
"3424331";"548";"10161";"2013-01-05T01:48:27";"visaelectron";"4844 9141 3134 3778"
"3424332";"343";"10147";"2013-01-09T12:53:53";"maestro";"5018 7304 6729 7413"
"3424333";"973";"10334";"2013-01-08T12:23:30";"instapayment";"6381 3961 6908 5139"
"3424334";"721";"10257";"2013-01-13T07:21:47";"maestro";"5038 0321 1282 5607"
"3424335";"976";"10178";"2013-01-27T12:26:41";"visa";"4530 9449 6565 9717"
"3424336";"869";"10341";"2013-01-28T01:08:43";"instapayment";"6386 7691 4890 9345"
"3424337";"208";"10106";"2013-01-21T09:11:54";"maestro";"6762 6601 5124 5152"
"3424338";"14";"10110";"2013-01-28T06:06:54";"amex";"3407 5040 5616 094"
"3424339";"692";"10026";"2013-01-16T06:52:03";"visa";"4065 6092 9409 7243"
"3424340";"223";"10210";"2013-01-15T07:53:35";"amex";"3761 6231 4694 849"
"3424341";"277";"10075";"2013-01-28T05:28:19";"visa";"4321 2130 0328 0362"
"3424342";"93";"10222";"2013-01-28T01:26:55";"visaelectron";"4844 2439 6289 4984"
"3424343";"863";"10075";"2013-01-21T09:30:09";"amex";"3727 4184 2681 800"
"3424344";"267";"10231";"2013-01-29T07:33:17";"maestro";"5020 5680 3277 4060"
"3424345";"339";"10137";"2013-01-11T08:14:40";"maestro";"6763 4067 3705 1766"
"3424346";"828";"10090";"2013-01-07T04:18:01";"visa";"4299 5728 9855 8648"
"3424347";"203";"10138";"2013-01-16T12:30:29";"instapayment";"6383 9056 5153 5381"
"3424348";"108";"10031";"2013-01-30T03:11:06";"mastercard";"5107 0135 3890 0386"
"3424349";"185";"10040";"2013-01-20T04:11:11";"amex";"3410 2894 8246 128"
"3424350";"678";"10061";"2013-01-01T10:00:14";"visaelectron";"4508 2179 6057 9141"
"3424351";"541";"10052";"2013-01-14T02:23:54";"amex";"3411 4728 3975 040"
"3424352";"210";"10117";"2013-01-26T07:19:18";"maestro";"6763 6129 0714 7561"
"3424353";"287";"10269";"2013-01-21T10:51:24";"instapayment";"6392 2084 1996 5860"
"3424354";"348";"10185";"2013-01-20T12:48:05";"maestro";"6763 4709 5597 8787"
"3424355";"387";"10264";"2013-01-24T09:00:15";"visa";"4785 5331 5945 2930"
"3424356";"975";"10213";"2013-01-20T12:00:51";"maestro";"6761 6704 8371 4669"
"3424357";"784";"10035";"2013-01-05T07:29:22";"amex";"3725 4184 3300 263"
"3424358";"78";"10292";"2013-01-04T02:33:07";"instapayment";"6387 3502 2547 8295"
"3424359";"198";"10248";"2013-01-12T03:51:23";"visaelectron";"4844 9555 7531 6036"
"3424360";"896";"10057";"2013-01-22T04:11:10";"instapayment";"6384 7233 6278 1114"
"3424361";"822";"10253";"2013-01-26T02:42:58";"amex";"3492 5237 9133 199"
"3424362";"239";"10343";"2013-01-08T01:48:37";"visa";"4802 6440 2932 1095"
"3424363";"430";"10043";"2013-01-08T09:20:04";"visa";"4267 6380 0752 0387"
"3424364";"597";"10123";"2013-01-06T10:15:27";"visaelectron";"4175 0002 0257 0926"
"3424365";"861";"10154";"2013-01-29T03:00:21";"instapayment";"6378 0246 4766 9606"
"3424366";"215";"10147";"2013-01-08T08:40:48";"mastercard";"5236 5307 1519 5781"
"3424367";"596";"10095";"2013-01-01T12:32:18";"amex";"3414 7436 3905 063"
"3424368";"350";"10240";"2013-01-25T03:59:51";"instapayment";"6398 0925 0966 1991"
"3424369";"875";"10143";"2013-01-07T02:31:34";"visaelectron";"4917 3176 6139 5519"
"3424370";"763";"10137";"2013-01-19T04:01:04";"maestro";"6761 2181 8720 6051"
"3424371";"880";"10306";"2013-01-12T06:56:54";"amex";"3777 8028 8371 331"
"3424372";"901";"10052";"2013-01-05T10:19:52";"mastercard";"5186 7602 4644 2200"
"3424373";"565";"10086";"2013-01-17T03:40:05";"amex";"3461 6659 7385 725"
"3424374";"324";"10017";"2013-01-19T12:08:55";"maestro";"6763 7454 4836 8591"
"3424375";"58";"10312";"2013-01-17T06:30:17";"maestro";"6763 7500 8854 5383"
"3424376";"685";"10177";"2013-01-30T05:39:24";"instapayment";"6375 6059 0263 6430"
"3424377";"995";"10193";"2013-01-10T05:48:30";"amex";"3466 3869 4194 820"
"3424378";"972";"10288";"2013-01-28T06:34:16";"maestro";"6761 4760 4737 4176"
"3424379";"752";"10330";"2013-01-24T10:23:47";"visaelectron";"4508 4259 0958 7121"
"3424380";"762";"10112";"2013-01-04T05:48:02";"visaelectron";"4844 4095 8116 7413"
"3424381";"294";"10175";"2013-01-29T07:46:13";"amex";"3482 4676 7239 858"
"3424382";"985";"10159";"2013-01-19T08:33:06";"visaelectron";"4508 1713 2288 7397"
"3424383";"302";"10195";"2013-01-14T01:15:24";"maestro";"5038 3501 3236 2835"
"3424384";"53";"10333";"2013-01-30T12:45:53";"mastercard";"5410 5439 5084 3617"
"3424385";"302";"10150";"2013-01-16T12:04:33";"visaelectron";"4026 2859 9405 0218"
"3424386";"212";"10169";"2013-01-11T12:41:47";"instapayment";"6371 7050 4457 8443"
"3424387";"735";"10313";"2013-01-17T10:19:15";"visaelectron";"4175 0057 3524 0467"
"3424388";"718";"10263";"2013-01-20T02:28:28";"instapayment";"6395 1762 2205 9758"
"3424389";"333";"10213";"2013-01-26T10:24:24";"visaelectron";"4913 9903 4862 3752"
"3424390";"719";"10039";"2013-01-02T02:53:53";"amex";"3735 9124 5144 321"
"3424391";"657";"10235";"2013-01-06T04:26:49";"mastercard";"5234 4140 6829 8751"
"3424392";"750";"10063";"2013-01-11T05:58:47";"instapayment";"6392 9196 7380 5259"
"3424393";"424";"10214";"2013-01-20T11:29:34";"maestro";"5893 7793 6280 4229"
"3424394";"418";"10265";"2013-01-16T12:20:36";"maestro";"5893 1287 0248 7768"
"3424395";"27";"10135";"2013-01-28T08:23:04";"maestro";"6762 5126 2593 8930"
"3424396";"114";"10230";"2013-01-12T11:08:59";"maestro";"6759 0021 5449 6489"
"3424397";"725";"10337";"2013-01-25T07:34:08";"visaelectron";"4913 0304 5890 1779"
"3424398";"616";"10251";"2013-01-24T02:16:21";"visa";"4420 1931 1649 6172"
"3424399";"132";"10044";"2013-01-29T10:49:37";"visaelectron";"4508 7334 7756 3022"
"3424400";"19";"10085";"2013-01-24T08:13:33";"mastercard";"5100 1443 4105 0239"
"3424401";"929";"10346";"2013-01-07T08:00:26";"mastercard";"5226 5201 0851 4195"
"3424402";"721";"10262";"2013-01-23T09:22:31";"amex";"3425 0457 8141 044"
"3424403";"263";"10178";"2013-01-14T07:16:37";"mastercard";"5578 6533 8412 3813"
"3424404";"162";"10201";"2013-01-08T04:53:10";"visa";"4389 4192 6164 1497"
"3424405";"877";"10014";"2013-01-03T04:23:05";"maestro";"6759 1863 5163 0048"
"3424406";"534";"10165";"2013-01-03T03:26:44";"amex";"3714 7075 8696 955"
"3424407";"848";"10191";"2013-01-19T05:57:48";"mastercard";"5486 5993 5777 8904"
"3424408";"7";"10212";"2013-01-06T05:46:20";"visa";"4889 7882 4150 8678"
"3424409";"738";"10192";"2013-01-30T04:29:05";"amex";"3729 8415 5286 227"
"3424410";"851";"10329";"2013-01-05T01:16:06";"amex";"3478 8940 5668 847"
"3424411";"86";"10185";"2013-01-30T12:43:13";"visaelectron";"4917 0912 4064 8447"
"3424412";"445";"10017";"2013-01-01T11:56:17";"instapayment";"6381 8981 7264 9314"
"3424413";"409";"10179";"2013-01-15T06:33:24";"visaelectron";"4026 6410 5925 4493"
"3424414";"334";"10255";"2013-01-23T07:57:48";"visaelectron";"4844 1720 9141 4226"
"3424415";"337";"10054";"2013-01-30T08:46:52";"maestro";"5893 1651 7750 5468"
"3424416";"418";"10223";"2013-01-22T08:35:45";"visaelectron";"4508 7182 1889 0222"
"3424417";"27";"10156";"2013-01-19T08:59:47";"visaelectron";"4844 1702 8009 0849"
"3424418";"837";"10153";"2013-01-30T09:20:22";"amex";"3440 6237 6283 482"
"3424419";"794";"10188";"2013-01-02T12:51:21";"maestro";"5893 7975 8692 0902"
"3424420";"329";"10185";"2013-01-28T10:41:05";"visa";"4041 8531 6890 0160"
"3424421";"738";"10303";"2013-01-03T02:40:00";"maestro";"5038 8186 4358 6647"
"3424422";"674";"10156";"2013-01-04T08:26:40";"mastercard";"5157 3174 1509 4109"
"3424423";"202";"10286";"2013-01-27T04:06:01";"visa";"4130 0115 3792 8907"
"3424424";"329";"10187";"2013-01-24T05:55:12";"visaelectron";"4026 9691 4858 5290"
"3424425";"122";"10285";"2013-01-26T08:24:25";"mastercard";"5315 2913 1987 1525"
"3424426";"511";"10097";"2013-01-18T05:59:54";"visa";"4085 3232 3754 7860"
"3424427";"638";"10170";"2013-01-29T05:03:01";"maestro";"6759 0837 1773 0739"
"3424428";"808";"10337";"2013-01-19T03:29:41";"amex";"3466 9566 1238 238"
"3424429";"905";"10018";"2013-01-08T01:00:50";"visaelectron";"4913 2394 4424 7839"
"3424430";"849";"10345";"2013-01-28T08:38:50";"visaelectron";"4844 6596 0963 5292"
"3424431";"644";"10243";"2013-01-07T03:53:00";"visa";"4648 8390 3130 0446"
"3424432";"681";"10080";"2013-01-30T09:15:18";"visaelectron";"4508 4598 1531 7968"
"3424433";"877";"10304";"2013-01-10T09:24:06";"maestro";"5018 8767 2206 5929"
"3424434";"314";"10114";"2013-01-03T06:41:01";"maestro";"6762 9930 6199 9281"
"3424435";"202";"10034";"2013-01-29T01:39:46";"amex";"3496 6619 0850 543"
"3424436";"280";"10215";"2013-01-12T12:04:01";"mastercard";"5392 7349 5097 0920"
"3424437";"134";"10233";"2013-01-01T02:29:11";"amex";"3751 8937 4528 105"
"3424438";"187";"10258";"2013-01-17T07:42:33";"visaelectron";"4508 1060 3192 1830"
"3424439";"346";"10020";"2013-01-09T05:06:40";"instapayment";"6382 0309 0133 4120"
"3424440";"960";"10255";"2013-01-09T12:54:58";"visa";"4768 4060 3206 3029"
"3424441";"50";"10270";"2013-01-17T11:09:04";"maestro";"6304 9244 8692 9392"
"3424442";"905";"10094";"2013-01-22T11:23:50";"visaelectron";"4917 4572 9888 3212"
"3424443";"414";"10075";"2013-01-07T12:29:19";"mastercard";"5565 4830 6793 7379"
"3424444";"736";"10206";"2013-01-01T11:34:14";"maestro";"6761 1680 2439 3788"
"3424445";"634";"10042";"2013-01-28T07:36:47";"maestro";"6762 7957 9793 8347"
"3424446";"485";"10030";"2013-01-11T10:12:55";"mastercard";"5291 7769 0870 1057"
"3424447";"223";"10268";"2013-01-17T03:43:59";"mastercard";"5184 1185 5673 2490"
"3424448";"533";"10148";"2013-01-26T04:45:24";"maestro";"6763 5369 2937 1505"
"3424449";"148";"10268";"2013-01-02T05:40:09";"maestro";"5893 9222 9551 7225"
"3424450";"61";"10055";"2013-01-08T12:49:53";"amex";"3751 1072 7532 461"
"3424451";"669";"10348";"2013-01-13T07:16:51";"amex";"3406 4149 2219 639"
"3424452";"887";"10187";"2013-01-14T01:42:00";"instapayment";"6389 5377 4927 9963"
"3424453";"139";"10126";"2013-01-25T07:32:45";"maestro";"6763 6851 6617 8055"
"3424454";"14";"10069";"2013-01-30T01:32:20";"mastercard";"5389 1772 4908 9711"
"3424455";"541";"10292";"2013-01-27T09:03:10";"amex";"3467 9399 1090 633"
"3424456";"177";"10303";"2013-01-30T08:34:46";"visa";"4495 0450 3771 0331"
"3424457";"282";"10027";"2013-01-30T03:00:32";"amex";"3727 5114 3464 012"
"3424458";"388";"10024";"2013-01-16T03:09:53";"visa";"4798 1820 6655 1205"
"3424459";"557";"10187";"2013-01-04T06:52:17";"instapayment";"6375 7601 1362 5951"
"3424460";"713";"10035";"2013-01-19T05:18:02";"visa";"4562 1784 8739 5150"
"3424461";"679";"10206";"2013-01-25T11:09:36";"mastercard";"5325 8566 9119 4437"
"3424462";"554";"10049";"2013-01-03T11:46:21";"amex";"3707 2222 4811 894"
"3424463";"889";"10249";"2013-01-22T06:43:02";"mastercard";"5350 9682 9537 3750"
"3424464";"277";"10166";"2013-01-18T03:28:53";"visaelectron";"4917 7951 7672 9761"
"3424465";"498";"10032";"2013-01-05T11:20:27";"instapayment";"6380 5688 5678 0617"
"3424466";"329";"10116";"2013-01-10T12:52:21";"mastercard";"5372 7755 1640 9824"
"3424467";"711";"10131";"2013-01-30T06:04:50";"visa";"4020 2642 0241 1740"
"3424468";"931";"10195";"2013-01-29T06:59:00";"visaelectron";"4026 3977 4342 9997"
"3424469";"106";"10178";"2013-01-10T10:34:38";"instapayment";"6388 1750 2793 3265"
"3424470";"998";"10297";"2013-01-21T02:48:05";"amex";"3702 5499 5656 233"
"3424471";"521";"10230";"2013-01-04T11:44:26";"mastercard";"5489 1582 9688 1134"
"3424472";"197";"10255";"2013-01-27T02:40:11";"maestro";"6762 6881 3588 9605"
"3424473";"97";"10105";"2013-01-21T08:17:34";"mastercard";"5310 3113 3650 9067"
"3424474";"970";"10288";"2013-01-11T01:00:13";"visa";"4117 6943 8646 7668"
"3424475";"270";"10140";"2013-01-05T12:33:09";"maestro";"6761 5911 0302 7771"
"3424476";"903";"10049";"2013-01-24T05:08:57";"maestro";"5020 6643 2221 0632"
"3424477";"836";"10207";"2013-01-10T05:26:35";"amex";"3461 7279 8655 866"
"3424478";"993";"10136";"2013-01-12T10:50:30";"visa";"4100 0401 9297 8770"
"3424479";"562";"10273";"2013-01-20T01:23:54";"visa";"4203 1048 0139 6745"
"3424480";"333";"10102";"2013-01-22T10:41:42";"visa";"4569 4670 3884 4540"
"3424481";"447";"10175";"2013-01-30T01:17:32";"mastercard";"5184 5406 7224 3427"
"3424482";"158";"10305";"2013-01-08T06:06:08";"mastercard";"5539 3982 1830 5107"
"3424483";"446";"10223";"2013-01-02T06:12:00";"visaelectron";"4844 4804 6536 1356"
"3424484";"453";"10214";"2013-01-05T12:31:43";"amex";"3481 2599 6944 290"
"3424485";"350";"10302";"2013-01-11T08:26:42";"amex";"3777 1329 2508 366"
"3424486";"140";"10041";"2013-01-02T06:58:43";"amex";"3458 2644 3414 489"
"3424487";"571";"10075";"2013-01-27T09:32:54";"maestro";"5020 8184 0048 5272"
"3424488";"340";"10214";"2013-01-10T06:18:44";"visa";"4928 7332 3138 8957"
"3424489";"783";"10277";"2013-01-11T08:03:50";"amex";"3416 1038 5023 654"
"3424490";"395";"10079";"2013-01-04T11:22:06";"mastercard";"5172 9885 7255 1650"
"3424491";"715";"10153";"2013-01-27T08:03:01";"instapayment";"6395 1434 2419 9485"
"3424492";"123";"10182";"2013-01-23T05:50:27";"visa";"4513 7944 9480 9924"
"3424493";"918";"10247";"2013-01-05T05:01:24";"visaelectron";"4913 5804 5970 7443"
"3424494";"241";"10033";"2013-01-05T12:42:24";"maestro";"6762 5934 5821 9192"
"3424495";"975";"10336";"2013-01-01T08:03:48";"visaelectron";"4175 0027 3192 3758"
"3424496";"27";"10165";"2013-01-11T05:06:18";"instapayment";"6384 6696 6872 3153"
"3424497";"490";"10287";"2013-01-15T06:47:34";"amex";"3496 3670 9723 648"
"3424498";"66";"10214";"2013-01-02T04:11:37";"instapayment";"6390 1655 8764 3327"
"3424499";"116";"10203";"2013-01-25T12:26:26";"visaelectron";"4175 0099 4492 6072"
"3424500";"348";"10229";"2013-01-12T12:51:35";"maestro";"5893 1939 1870 1188"
"3424501";"71";"10065";"2013-01-13T11:02:06";"mastercard";"5113 4699 1973 0366"
"3424502";"98";"10136";"2013-01-11T01:21:17";"visa";"4122 9129 2815 5051"
"3424503";"861";"10290";"2013-01-13T08:21:04";"instapayment";"6375 0588 9972 9406"
"3424504";"442";"10347";"2013-01-26T02:10:14";"mastercard";"5177 8770 7991 1878"
"3424505";"381";"10282";"2013-01-28T03:25:06";"amex";"3476 8884 3290 689"
"3424506";"442";"10127";"2013-01-22T12:01:26";"visa";"4302 0130 6119 3363"
"3424507";"157";"10254";"2013-01-01T03:37:25";"instapayment";"6370 4311 5770 7643"
"3424508";"61";"10080";"2013-01-12T09:58:01";"mastercard";"5171 7483 1222 0060"
"3424509";"303";"10139";"2013-01-07T08:07:53";"amex";"3434 2794 2943 342"
"3424510";"364";"10239";"2013-01-08T05:10:00";"mastercard";"5263 5616 4141 6120"
"3424511";"634";"10026";"2013-01-03T09:20:47";"amex";"3782 1052 0110 213"
"3424512";"620";"10208";"2013-01-07T08:45:16";"maestro";"5018 9952 4849 8180"
"3424513";"459";"10290";"2013-01-15T07:11:50";"amex";"3441 3529 5569 841"
"3424514";"994";"10229";"2013-01-10T03:56:40";"visaelectron";"4026 8983 0163 0835"
"3424515";"851";"10283";"2013-01-15T10:46:40";"mastercard";"5113 6088 3089 2728"
"3424516";"219";"10093";"2013-01-15T02:02:55";"visa";"4865 6179 5360 3740"
"3424517";"526";"10110";"2013-01-21T01:30:21";"amex";"3780 7145 2700 631"
"3424518";"944";"10256";"2013-01-15T05:01:17";"amex";"3782 5530 7276 687"
"3424519";"34";"10056";"2013-01-14T02:17:42";"instapayment";"6374 5468 9749 0402"
"3424520";"514";"10152";"2013-01-27T01:47:25";"maestro";"6759 8100 2596 9223"
"3424521";"669";"10310";"2013-01-13T03:41:41";"visaelectron";"4026 8981 8499 5115"
"3424522";"509";"10275";"2013-01-09T09:51:19";"instapayment";"6381 5597 2661 6189"
"3424523";"352";"10281";"2013-01-15T10:21:26";"instapayment";"6385 2257 9087 8420"
"3424524";"758";"10233";"2013-01-10T10:58:39";"visa";"4605 8518 5969 2847"
"3424525";"740";"10243";"2013-01-12T04:57:02";"instapayment";"6389 1270 2098 8308"
"3424526";"445";"10045";"2013-01-30T09:37:24";"instapayment";"6379 4473 7306 4370"
"3424527";"21";"10048";"2013-01-27T06:38:40";"visaelectron";"4913 4825 4224 2423"
"3424528";"600";"10270";"2013-01-25T04:15:14";"instapayment";"6390 3212 4913 1918"
"3424529";"138";"10079";"2013-01-20T10:48:11";"instapayment";"6377 0364 7618 8160"
"3424530";"499";"10025";"2013-01-04T09:28:32";"amex";"3426 1681 2293 371"
"3424531";"703";"10134";"2013-01-13T03:24:11";"instapayment";"6392 6466 0558 0318"
"3424532";"473";"10182";"2013-01-17T02:42:35";"maestro";"6759 3661 2026 8565"
"3424533";"467";"10160";"2013-01-18T04:06:48";"amex";"3744 9034 9774 233"
"3424534";"176";"10327";"2013-01-10T11:01:05";"instapayment";"6397 8362 5804 0273"
"3424535";"27";"10073";"2013-01-14T07:07:09";"maestro";"5038 1016 8421 2443"
"3424536";"654";"10279";"2013-01-04T11:00:57";"visa";"4590 4468 5466 1066"
"3424537";"403";"10161";"2013-01-10T05:48:44";"maestro";"6761 6828 7474 5459"
"3424538";"422";"10286";"2013-01-02T04:49:38";"visaelectron";"4917 2928 8547 9870"
"3424539";"207";"10343";"2013-01-17T06:09:11";"instapayment";"6393 7247 2691 1180"
"3424540";"325";"10034";"2013-01-27T11:00:28";"visa";"4845 8854 6799 3007"
"3424541";"399";"10044";"2013-01-11T04:20:18";"visaelectron";"4026 3404 5547 4033"
"3424542";"206";"10208";"2013-01-20T09:29:35";"mastercard";"5476 7635 4238 1097"
"3424543";"57";"10322";"2013-01-13T03:54:33";"amex";"3793 6176 7841 306"
"3424544";"215";"10154";"2013-01-08T03:32:39";"amex";"3475 4731 3421 796"
"3424545";"128";"10318";"2013-01-23T05:13:52";"visa";"4026 0942 6896 6426"
"3424546";"192";"10297";"2013-01-06T01:44:55";"visa";"4142 8452 9275 4743"
"3424547";"902";"10256";"2013-01-15T11:10:06";"instapayment";"6386 6039 9717 6575"
"3424548";"670";"10025";"2013-01-23T02:10:06";"instapayment";"6377 6414 9158 1362"
"3424549";"807";"10266";"2013-01-26T06:08:19";"instapayment";"6398 8123 1153 6440"
"3424550";"961";"10263";"2013-01-18T05:14:51";"visaelectron";"4508 7579 6767 1573"
"3424551";"169";"10171";"2013-01-05T04:08:53";"maestro";"6304 6731 3157 6765"
"3424552";"209";"10214";"2013-01-14T03:48:21";"instapayment";"6397 0686 9510 8014"
"3424553";"807";"10261";"2013-01-22T01:57:52";"visa";"4304 7275 1282 4056"
"3424554";"500";"10053";"2013-01-19T04:22:38";"mastercard";"5392 9503 1141 0410"
"3424555";"661";"10292";"2013-01-15T12:02:30";"maestro";"6761 0370 9706 0097"
"3424556";"919";"10146";"2013-01-26T11:01:37";"instapayment";"6394 6334 2411 8171"
"3424557";"171";"10320";"2013-01-18T04:18:01";"amex";"3745 6490 3852 666"
"3424558";"888";"10111";"2013-01-23T03:56:35";"maestro";"5893 0589 9775 8930"
"3424559";"807";"10280";"2013-01-17T04:57:23";"instapayment";"6388 7325 7876 1501"
"3424560";"262";"10141";"2013-01-17T06:32:46";"maestro";"5893 4991 6997 8635"
"3424561";"960";"10149";"2013-01-05T07:27:48";"visa";"4541 1329 8582 9752"
"3424562";"431";"10030";"2013-01-28T09:53:00";"visaelectron";"4175 0023 5603 4584"
"3424563";"387";"10275";"2013-01-17T02:44:14";"visaelectron";"4917 7678 0916 3189"
"3424564";"121";"10189";"2013-01-03T09:10:24";"visaelectron";"4026 9511 3799 7751"
"3424565";"555";"10040";"2013-01-15T09:02:53";"visa";"4452 7829 6553 7143"
"3424566";"651";"10153";"2013-01-15T08:03:30";"maestro";"6759 2679 1227 4458"
"3424567";"504";"10181";"2013-01-26T09:36:53";"visa";"4479 7296 4236 4457"
"3424568";"182";"10269";"2013-01-08T05:21:12";"amex";"3740 9005 2892 915"
"3424569";"312";"10295";"2013-01-14T11:15:43";"maestro";"5018 9913 7603 8070"
"3424570";"879";"10235";"2013-01-24T07:47:59";"instapayment";"6396 2775 9345 1886"
"3424571";"840";"10004";"2013-01-15T11:54:48";"visa";"4093 2779 0026 3793"
"3424572";"968";"10037";"2013-01-19T11:10:48";"visa";"4984 7642 2336 8260"
"3424573";"223";"10135";"2013-01-06T11:11:25";"maestro";"6762 7947 5689 7073"
"3424574";"389";"10262";"2013-01-07T12:34:40";"visaelectron";"4175 0026 2320 0844"
"3424575";"442";"10303";"2013-01-24T06:14:26";"visaelectron";"4508 0426 3876 0729"
"3424576";"119";"10043";"2013-01-01T01:14:46";"maestro";"6762 5686 6668 8552"
"3424577";"462";"10272";"2013-01-10T11:07:47";"visaelectron";"4175 0036 8913 5973"
"3424578";"271";"10161";"2013-01-16T08:07:34";"mastercard";"5231 4095 2214 3265"
"3424579";"569";"10142";"2013-01-23T09:01:03";"maestro";"6759 5008 9661 0028"
"3424580";"737";"10029";"2013-01-07T05:52:32";"amex";"3724 8031 6242 613"
"3424581";"985";"10079";"2013-01-05T05:16:06";"amex";"3400 3154 8981 095"
"3424582";"527";"10171";"2013-01-01T08:38:56";"instapayment";"6399 5940 0870 3348"
"3424583";"378";"10185";"2013-01-16T10:25:58";"amex";"3475 5192 9706 509"
"3424584";"899";"10154";"2013-01-25T08:20:06";"instapayment";"6385 4755 0186 6194"
"3424585";"544";"10041";"2013-01-15T10:20:14";"instapayment";"6373 4678 0311 0698"
"3424586";"78";"10179";"2013-01-26T08:46:42";"instapayment";"6370 2888 7139 8335"
"3424587";"451";"10085";"2013-01-07T12:30:12";"visaelectron";"4508 8705 0462 9713"
"3424588";"643";"10167";"2013-01-01T05:19:53";"visa";"4699 7463 0412 2720"
"3424589";"795";"10241";"2013-01-10T04:13:39";"mastercard";"5341 1753 7958 1090"
"3424590";"631";"10327";"2013-01-21T12:41:19";"visa";"4568 4767 4033 9484"
"3424591";"439";"10083";"2013-01-19T02:59:38";"visaelectron";"4175 0014 4260 2768"
"3424592";"36";"10094";"2013-01-25T03:03:06";"instapayment";"6386 1232 9767 3148"
"3424593";"370";"10126";"2013-01-06T01:24:06";"visaelectron";"4913 7587 7375 7167"
"3424594";"646";"10318";"2013-01-01T05:34:27";"maestro";"6304 1980 7923 5745"
"3424595";"356";"10006";"2013-01-22T06:43:41";"mastercard";"5560 8353 6328 3300"
"3424596";"130";"10099";"2013-01-07T04:02:07";"visa";"4536 0944 0473 3089"
"3424597";"70";"10318";"2013-01-30T07:53:14";"mastercard";"5381 8131 8913 8120"
"3424598";"815";"10232";"2013-01-10T03:48:31";"maestro";"5038 8159 7930 9917"
"3424599";"269";"10153";"2013-01-11T04:43:01";"visa";"4450 3220 8590 2398"
"3424600";"915";"10085";"2013-01-23T10:24:33";"maestro";"6759 9549 6188 3053"
"3424601";"566";"10293";"2013-01-19T05:47:31";"instapayment";"6373 0335 9574 6642"
"3424602";"810";"10138";"2013-01-18T04:48:14";"maestro";"6762 1406 6174 2162"
"3424603";"420";"10221";"2013-01-17T11:10:57";"mastercard";"5590 0126 3401 9483"
"3424604";"580";"10051";"2013-01-22T02:54:11";"amex";"3726 6407 1266 996"
"3424605";"260";"10246";"2013-01-24T04:30:56";"mastercard";"5475 3180 0201 4091"
"3424606";"203";"10056";"2013-01-18T06:05:28";"visa";"4100 3809 3016 9542"
"3424607";"49";"10236";"2013-01-30T07:39:58";"amex";"3425 9391 6045 025"
"3424608";"665";"10179";"2013-01-25T08:20:47";"visaelectron";"4844 7202 7353 3682"
